sheet_number,sheet_name,discipline,page_number,scope_package,bid_item,subheading,n_regions,verdict,reason,extracted_text_sample,json_text_sample
A-005,Bldg Types Roof Plan,Architectural,4,Membrane Roofing,Furnish & Install Self-Adhered Single-Ply Roofing Membrane,Others,2,RIGHT,"Referenced text (""F. WHERE ROOF TO VERTICAL WALL INTERSECTIONS OCCUR, RUN MEMBRANE MINIMUM 8"" UP WALL. REFER TO DETAILS FOR TERMINATION. | G. ROOF MEMBRANE TO BE 80 MIL"") supports the item; matched terms: membrane, roof.","F. WHERE ROOF TO VERTICAL WALL INTERSECTIONS OCCUR, RUN MEMBRANE MINIMUM 8"" UP WALL. REFER TO DETAILS FOR TERMINATION. | G. ROOF MEMBRANE TO BE 80 MIL MINIMUM THICKNESS UNLESS NOTED OTHERWISE.","F. WHERE ROOF TO VERTICAL WALL INTERSECTIONS OCCUR, RUN MEMBRANE MINIMUM 8"" UP WALL. REFER TO DETAILS FOR TERMINATION. | G. ROOF MEMBRANE TO BE 80 MIL MINIMUM THICKNESS UNLESS NOTED OTHERWISE."
A-005,Bldg Types Roof Plan,Architectural,4,Thermal Protection,Furnish & Install Tapered Rigid Insulation,Rigid Insulation,3,RIGHT,"Referenced text (""D. PROVIDE BUILT-UP TAPERED INSULATION ROOF CRICKETS AT ALL LOCATIONS OF CURBS, ROOFTOP EQUIPMENT, ETC. TO ALLOW POSITIVE DRAINAGE AND PREVENT PONDING"") supports the item; matched terms: insulation, tapered.","D. PROVIDE BUILT-UP TAPERED INSULATION ROOF CRICKETS AT ALL LOCATIONS OF CURBS, ROOFTOP EQUIPMENT, ETC. TO ALLOW POSITIVE DRAINAGE AND PREVENT PONDING. | E. TAPERED INSULATION SLOPE TO BE 1/4"" PER FOOT MINIMUM. SLOPE AS INDICATED ON PLANS. | H. SLOPE ALL CRICKETS AS SHOWN AT A MINIMUM OF 1/4"" PER FOOT, UNLESS NOTED OTHERWISE.","D. PROVIDE BUILT-UP TAPERED INSULATION ROOF CRICKETS AT ALL LOCATIONS OF CURBS, ROOFTOP EQUIPMENT, ETC. TO ALLOW POSITIVE DRAINAGE AND PREVENT PONDING. | E. TAPERED INSULATION SLOPE TO BE 1/4"" PER FOOT MINIMUM. SLOPE AS INDICATED ON PLANS. | H. SLOPE ALL CRICKETS AS SHOWN AT A MINIMUM OF 1/4"" PER FOOT, UNLESS NOTED OTHERWISE."
A-005,Bldg Types Roof Plan,Architectural,4,Thermal Protection,Furnish & Install Wall Partition Assemblies As Per Wall Type Schedules And Tags,Metal Framing,112,WRONG,"[Manual review] A-005 is a roof plan (BLDG TYPES - ROOF PLAN). All referenced text is column/row grid bubbles (A1, A4, AX, AV, AZ...) and roof-slope callouts (1.7%) around the edges of the roof plans, not wall-type tags. No wall assembly tag appears in any referenced region.",F3 A1 | F3 A1 | A4 | A4 | AX | AX | AV 1.7% | AV | AZ | AZ | A2 | A2 | A3 | A3 | F3 A1 | F3 A1 | A4 | A4 | AX | AX | AV 1.7% | AV | AZ | AZ | A2 | A2 | A3 | A3 | F1 A1 | F1 A1 | A4 | A4 | AX | AX | AV | AV | AZ 1.7% | AZ | A2 | A2 | A3 | A3 | F1 A1 | F1 A1 | A4 | A4 | AX | AX | AV | AV | AZ 1.7% | AZ | A2 | A2 | A3 | A3 | F1 A1 | F1 A1 | A4 | A4 | AX | AX | AV | AV | AZ | AZ | A2 | A2 | A3 | A3 | ,A1 | A1 | A4 | A4 | AX | AX | AV | AV | AZ | AZ | A2 | A2 | A3 | A3 | A1 | A1 | A4 | A4 | AX | AX | AV | AV | AZ | AZ | A2 | A2 | A3 | A3 | A1 | A1 | A4 | A4 | AX | AX | AV | AV | AZ | AZ | A2 | A2 | A3 | A3 | A1 | A1 | A4 | A4 | AX | AX | AV | AV | AZ | AZ | A2 | A2 | A3 | A3 | A1 | A1 | A4 | A4 | AX | AX | AV | AV | AZ | AZ | A2 | A2 | A3 | A3 | A1 | A1 | A4 | A4 | AX | AX | AV | AV | AZ | AZ | 
A-005,Bldg Types Roof Plan,Architectural,4,Roof and Wall Specialties and Accessories,Furnish & Install Roof Protection at Rooftop Equipment,Roof Walkways,1,RIGHT,"Referenced text (""C. PROVIDE ROOF PROTECTION TO ALL ROOF TOP EQUIPMENT."") supports the item; matched terms: equipment, protection, roof.",C. PROVIDE ROOF PROTECTION TO ALL ROOF TOP EQUIPMENT.,C. PROVIDE ROOF PROTECTION TO ALL ROOF TOP EQUIPMENT.
A-005,Bldg Types Roof Plan,Architectural,4,Flooring,Furnish & Install Unspecified Floor Finish From Schedule,Others,96,WRONG,"[Manual review] A-005 is a roof plan with no floor finish content. Referenced text is column/row grid bubbles (F1, F3, FZ, FX, FV, F2...), not a floor finish schedule reference.",F1 E1 | F1 E1 | F3 A1 | F3 A1 | FZ | FZ | FX | FX | FV | FV | F2 | F2 | F1 A1 | F1 A1 | F3 A1 | F3 A1 | FZ | FZ | FX | FX | FV | FV | F2 | F2 | F1 C1 | F1 C1 | F3 A1 | F3 A1 | FZ | FZ | FX | FX | FV | FV | F2 | F2 | F1 C1 | F1 C1 | F3 A1 | F3 A1 | FZ | FZ | FX | FX | FV | FV | F2 | F2 | F1 C1 | F1 C1 | F3 E1 | F3 E1 | FZ | FZ | FX | FX | FV | FV | F2 | F2 | F1 A1 | F1 A1 | F3 B1 | F3 B1 | FZ | FZ ,F1 | F1 | F3 | F3 | FZ | FZ | FX | FX | FV | FV | F2 | F2 | F1 | F1 | F3 | F3 | FZ | FZ | FX | FX | FV | FV | F2 | F2 | F1 | F1 | F3 | F3 | FZ | FZ | FX | FX | FV | FV | F2 | F2 | F1 | F1 | F3 | F3 | FZ | FZ | FX | FX | FV | FV | F2 | F2 | F1 | F1 | F3 | F3 | FZ | FZ | FX | FX | FV | FV | F2 | F2 | F1 | F1 | F3 | F3 | FZ | FZ | FX | FX | FV | FV | F2 | F2 | F1 | F1 | F3 | F3 | FZ | FZ | FX | FX | 
A-005,Bldg Types Roof Plan,Architectural,4,Flooring,Furnish & Install Carpet,Carpet,56,WRONG,"[Manual review] A-005 is a roof plan with no flooring content. Referenced text is column/row grid bubbles (C1, C4, CX, CV, CZ...), not a carpet callout.",F1 C1 | F1 C1 | C4 B4 | C4 B4 | CX | CX | CV | CV | CZ 1.7% | CZ | C2 | C2 | C3 | C3 | F1 C1 | F1 C1 | C4 C4 | C4 C4 | CX | CX | CV 1.7% | CV | CZ 1.7% | CZ | C2 | C2 | C3 | C3 | F3 C1 | F3 C1 | C4 C4 | C4 C4 | CX | CX | CV 1.7% | CV | CZ | CZ | C2 | C2 | C3 | C3 | F1 C1 | F1 C1 | C4 B4 | C4 B4 | CX | CX | CV | CV | CZ 1.7% | CZ | C2 | C2 | C3 | C3,C1 | C1 | C4 | C4 | CX | CX | CV | CV | CZ | CZ | C2 | C2 | C3 | C3 | C1 | C1 | C4 | C4 | CX | CX | CV | CV | CZ | CZ | C2 | C2 | C3 | C3 | C1 | C1 | C4 | C4 | CX | CX | CV | CV | CZ | CZ | C2 | C2 | C3 | C3 | C1 | C1 | C4 | C4 | CX | CX | CV | CV | CZ | CZ | C2 | C2 | C3 | C3
A-005,Bldg Types Roof Plan,Architectural,4,Electrical,Furnish & Install Unidentified Electrical Components for Estimator Review,Others,40,WRONG,"[Manual review] Referenced text is column/row grid bubbles (E1, E4, EX, EV, EZ, E2, E3, E5, EW, EY), not electrical components. There is no electrical content on this roof plan sheet.",F1 E1 | F1 E1 | E4 | E4 | EX | EX | EV 1.7% | EV | EZ 1.7% | EZ | E2 | E2 | E3 | E3 | E5 | E5 | EW | EW | EY | EY | F3 E1 | F3 E1 | E4 | E4 | EX | EX | EV 1.7% | EV | EZ | EZ | E2 | E2 | E3 | E3 | E5 | E5 | EW | EW | EY | EY,E1 | E1 | E4 | E4 | EX | EX | EV | EV | EZ | EZ | E2 | E2 | E3 | E3 | E5 | E5 | EW | EW | EY | EY | E1 | E1 | E4 | E4 | EX | EX | EV | EV | EZ | EZ | E2 | E2 | E3 | E3 | E5 | E5 | EW | EW | EY | EY
A-005,Bldg Types Roof Plan,Architectural,4,Wall Finishes,Furnish & Install Wall Base,Others,28,WRONG,"[Manual review] A-005 is a roof plan with no wall-base content. Referenced text is column/row grid bubbles (B1, B4, BX, BV, BZ...), not a wall base callout.",F3 B1 | F3 B1 | C4 B4 | C4 B4 | BX | BX | BV 1.7% | BV | BZ | BZ | B2 | B2 | B3 | B3 | F3 B1 | F3 B1 | C4 B4 | C4 B4 | BX | BX | BV 1.7% | BV | BZ | BZ | B2 | B2 | B3 | B3,B1 | B1 | B4 | B4 | BX | BX | BV | BV | BZ | BZ | B2 | B2 | B3 | B3 | B1 | B1 | B4 | B4 | BX | BX | BV | BV | BZ | BZ | B2 | B2 | B3 | B3
A-005,Bldg Types Roof Plan,Architectural,4,Precast Concrete,Furnish & Install Precast Concrete Stair Treads,Stairs,1,WRONG,"All referenced regions are title-block/page furniture - e.g. the architect's own office address/phone (""T 801.924.5000"") - not a scope of work.",T 801.924.5000,T 801.924.5000
A-101CD,Level 01 Floor Plan Blocks C & D,Architectural,5,Wall Finishes,Furnish & Install Wall Finishes Per Finish Schedule And Elevations,Wall Covering,5,WRONG,"All referenced regions are column/row grid bubbles (e.g. ""A B BR C BR A; A C BR C BR A; A B BR C BR D; A BR A; E BR A""), not a scope of work.",A B BR C BR A | A C BR C BR A | A B BR C BR D | A BR A | E BR A,A B BR C BR A | A C BR C BR A | A B BR C BR D | A BR A | E BR A
A-101CD,Level 01 Floor Plan Blocks C & D,Architectural,5,Drywall,Furnish & Install Wall Framing Continuous To Deck And As Per General Notes,Metal Framing,1,RIGHT,"Referenced text (""A. ALL NEW WALL ASSEMBLIES ARE CONTINUOUS TO BOTTOM OF DECK UNLESS NOTED OTHERWISE."") supports the item; matched terms: continuou, continuous, deck, wall.",A. ALL NEW WALL ASSEMBLIES ARE CONTINUOUS TO BOTTOM OF DECK UNLESS NOTED OTHERWISE.,A. ALL NEW WALL ASSEMBLIES ARE CONTINUOUS TO BOTTOM OF DECK UNLESS NOTED OTHERWISE.
A-101CD,Level 01 Floor Plan Blocks C & D,Architectural,5,Drywall,Furnish & Install Tile Backer Board And Moisture Resistant Gypsum Board In Wet Areas,Gypsum Board,1,RIGHT,"Referenced text (""C. WHERE THE FINISH SCHEDULE OR INTERIOR ELEVATIONS CALL FOR TILE, REPLACE GYPSUM BOARD SHOWN IN THE WALL'S ASSEMBLY WITH TILE BACKER BOARD WHERE TILE"") supports the item; matched terms: backer, board, gypsum, moisture, resistant, tile.","C. WHERE THE FINISH SCHEDULE OR INTERIOR ELEVATIONS CALL FOR TILE, REPLACE GYPSUM BOARD SHOWN IN THE WALL'S ASSEMBLY WITH TILE BACKER BOARD WHERE TILE OCCURS. REPLACE OTHER GYPSUM BOARD SHOWN IN THAT WALL'S ASSEMBLY WITH MOISTURE RESISTANT GYPSUM BOARD WHERE NO TILE OCCURS.","C. WHERE THE FINISH SCHEDULE OR INTERIOR ELEVATIONS CALL FOR TILE, REPLACE GYPSUM BOARD SHOWN IN THE WALL'S ASSEMBLY WITH TILE BACKER BOARD WHERE TILE OCCURS. REPLACE OTHER GYPSUM BOARD SHOWN IN THAT WALL'S ASSEMBLY WITH MOISTURE RESISTANT GYPSUM BOARD WHERE NO TILE OCCURS."
A-101CD,Level 01 Floor Plan Blocks C & D,Architectural,5,Drywall,Furnish & Install Wall Framing Layout And Coordination,Metal Framing,20,WRONG,"[Manual review] Referenced text is only the abbreviation ""F.O.S."" (Face Of Stud) repeated - a dimension-reference annotation used throughout the floor plan, not evidence of a distinct 'layout and coordination' scope item.",F.O.S. | F.O.S. | F.O.S. | F.O.S. | F.O.S. | F.O.S. | F.O.S. | F.O.S. | F.O.S. | F.O.S. | F.O.S. | F.O.S. | F.O.S. | F.O.S. | F.O.S. | F.O.S. | F.O.S. | F.O.S. | F.O.S. | F.O.S.,F.O.S. | F.O.S. | F.O.S. | F.O.S. | F.O.S. | F.O.S. | F.O.S. | F.O.S. | F.O.S. | F.O.S. | F.O.S. | F.O.S. | F.O.S. | F.O.S. | F.O.S. | F.O.S. | F.O.S. | F.O.S. | F.O.S. | F.O.S.
A-101CD,Level 01 Floor Plan Blocks C & D,Architectural,5,Rough Carpentry,Furnish & Install Wood Blocking and Backing,Blocking and Backing,1,RIGHT,"Referenced text (""D. PROVIDE BACKING / SUPPORT FOR ALL MOUNTED FIXTURES, EQUIPMENT, CASEWORK, AND/OR SYSTEMS FURNITURE. COORDINATE WITH FLOOR PLANS, AND INTERIOR ELEVAT"") supports the item; matched terms: back, backing.","D. PROVIDE BACKING / SUPPORT FOR ALL MOUNTED FIXTURES, EQUIPMENT, CASEWORK, AND/OR SYSTEMS FURNITURE. COORDINATE WITH FLOOR PLANS, AND INTERIOR ELEVATIONS PRIOR TO THE COVERING OF STUD FRAMING. REFER TO MANUFACTURER'S RECOMMENDATIONS WHERE APPLICABLE, OTHERWISE REFER TO DETAILS ON A700s SHEET SERIES.","D. PROVIDE BACKING / SUPPORT FOR ALL MOUNTED FIXTURES, EQUIPMENT, CASEWORK, AND/OR SYSTEMS FURNITURE. COORDINATE WITH FLOOR PLANS, AND INTERIOR ELEVATIONS PRIOR TO THE COVERING OF STUD FRAMING. REFER TO MANUFACTURER'S RECOMMENDATIONS WHERE APPLICABLE, OTHERWISE REFER TO DETAILS ON A700s SHEET SERIES."
A-101CD,Level 01 Floor Plan Blocks C & D,Architectural,5,"Doors, Frames & Hardware",Furnish & Install Coordination Of Rough Opening Dimensions With Actual Frame Sizes,Installation and Adjustments,1,RIGHT,"Referenced text (""H. WHERE PROVIDED, DOOR AND WINDOW DIMENSIONS ARE TO EDGE OF OPENING. OPENING DIMENSIONS ARE NOMINAL. CONTRACTOR SHALL COORDINATE DIMENSIONS OF ALL RO"") supports the item; matched terms: actual, dimension, dimensions, frame, open, opening, rough, size, sizes.","H. WHERE PROVIDED, DOOR AND WINDOW DIMENSIONS ARE TO EDGE OF OPENING. OPENING DIMENSIONS ARE NOMINAL. CONTRACTOR SHALL COORDINATE DIMENSIONS OF ALL ROUGH OPENINGS AND ACTUAL FRAME SIZES.","H. WHERE PROVIDED, DOOR AND WINDOW DIMENSIONS ARE TO EDGE OF OPENING. OPENING DIMENSIONS ARE NOMINAL. CONTRACTOR SHALL COORDINATE DIMENSIONS OF ALL ROUGH OPENINGS AND ACTUAL FRAME SIZES."
A-101CD,Level 01 Floor Plan Blocks C & D,Architectural,5,"Doors, Frames & Hardware",Furnish & Install Layout For Undimensioned Door Rough Openings,Installation and Adjustments,1,RIGHT,"Referenced text (""I. WHERE DOOR LOCATIONS ARE NOT DIMENSIONED, SEE DETAILS REFERENCED IN DOOR SCHEDULE BY SPECIFIC CONDITION. OTHERWISE, THE HINGE SIDE OF DOOR ROUGH OP"") supports the item; matched terms: door, opening, openings, rough.","I. WHERE DOOR LOCATIONS ARE NOT DIMENSIONED, SEE DETAILS REFERENCED IN DOOR SCHEDULE BY SPECIFIC CONDITION. OTHERWISE, THE HINGE SIDE OF DOOR ROUGH OPENINGS SHALL BE LOCATED 4"" FROM THE ADJACENT PERPENDICULAR WALL, SUBJECT TO MAINTENANCE OF REQUIRED ADA CLEARANCES REFERENCED IN THE G700s SHEET SERIES.","I. WHERE DOOR LOCATIONS ARE NOT DIMENSIONED, SEE DETAILS REFERENCED IN DOOR SCHEDULE BY SPECIFIC CONDITION. OTHERWISE, THE HINGE SIDE OF DOOR ROUGH OPENINGS SHALL BE LOCATED 4"" FROM THE ADJACENT PERPENDICULAR WALL, SUBJECT TO MAINTENANCE OF REQUIRED ADA CLEARANCES REFERENCED IN THE G700s SHEET SERIES."
A-101CD,Level 01 Floor Plan Blocks C & D,Architectural,5,"Doors, Frames & Hardware",Furnish & Install Wood Doors Per Schedule And Drawings,Wood Doors,3,WRONG,"The referenced text is the tag ""WD42A"", which the wall assembly-type legend on G-501/G-511 defines as 2 hr rated, UL V324, unit demising, double layer gyp - a wall assembly designation, not ""Furnish & Install Wood Doors Per Schedule And Drawings"". This looks like the abbreviation/tag was read as the wrong kind of callout.",WD42A | WD42A | WD42A,WD42A | WD42A | WD42A
A-101CD,Level 01 Floor Plan Blocks C & D,Architectural,5,Information Specialties,"Furnish & Install — Room, Area, and Unit Identification Signage",Interior Signage,41,RIGHT,"Referenced tag(s) ""W4, W6G"" appear on the G-501/G-511 assembly legend and are consistent with ""Furnish & Install — Room, Area, and Unit Identification Signage"".",LIVING A | KITCHEN B | MECH M | HALL H | CLOSET C | BATH D | LAUNDRY E | PRIMARY BEDROOM F | BEDROOM G | LIVING A | KITCHEN B | MECH M | HALL H | CLOSET C | BATH D | LAUNDRY E | PRIMARY BEDROOM F | BEDROOM G | LIVING A | KITCHEN B | MECH M | HALL J | BATH D | LAUNDRY E | PRIMARY BEDROOM F | BEDROOM G | BEDROOM H | LIVING A | KITCHEN B | MECH M | HALL J | CLOSET C | BATH D W4 | LAUNDRY E W6G | PRIM,LIVING A | KITCHEN B | MECH M | HALL H | CLOSET C | BATH D | LAUNDRY E | PRIMARY BEDROOM F | BEDROOM G | LIVING A | KITCHEN B | MECH M | HALL H | CLOSET C | BATH D | LAUNDRY E | PRIMARY BEDROOM F | BEDROOM G | LIVING A | KITCHEN B | MECH M | HALL J | BATH D | LAUNDRY E | PRIMARY BEDROOM F | BEDROOM G | BEDROOM H | LIVING | KITCHEN | MECH | HALL | CLOSET | BATH | LAUNDRY | PRIMARY BEDROOM | BEDROOM
A-101CD,Level 01 Floor Plan Blocks C & D,Architectural,5,Thermal Protection,Furnish & Install Wall Partition Assemblies As Per Wall Type Schedules And Tags,Metal Framing,11,RIGHT,"Referenced tag(s) ""BR1, FB1, W4, W4G, W6, W60A, W6G, WD40A, WD42A, XW6, XW6.2, XW62"" appear on the G-501/G-511 assembly legend and are consistent with ""Furnish & Install Wall Partition Assemblies As Per Wall Type Schedules And Tags"".","W60A | 6' - 4 3/4"" 4' - 5"" 4' - 9 1/4"" G1 F1 E1 D1 C1 - 0 3/4"" 4' - 2 1/4"" 2' - 9 1/2"" 5' - 4 3/4"" 1' - 3 3/4"" 11"" 2' - 4 1/2"" 4' - 0 1/2"" 4' - 8 1/4"" KITCHEN BATH D HALL H CLOSET C 2' - 6 1/2"" 2' - 2"" 10 1/2"" 1' - 5"" 6' - 4 3/4"" 4' - 5"" 4' - 9 1/4"" G1 F1 E1 D1 C1 11' - 0 3/4"" 4' - 2 1/4"" 2' - 9 1/2"" 5' - 4 3/4"" 1' - 3 3/4"" 11"" 2' - 4 1/2"" 4' - 0 1/2"" 4' - 8 1/4"" BEDROOM BEDROOM BATH D HALL H CLOS",W60A | W4 W4 W4 W4 W4 W4 W4 W6 W4 W4G W4G W4 W4 W4 W6 W4 W4 W4 W4 W4 W4 | W60A | W4 W6G W6G W6G W4 W4 W4 W6 W4 W4 W4 W4 W4 W4 W4 | W4 W6G W6G W6G W4 W6 W4 W4 W4 W4 W4G W4 W4 W4 W4 W4 W4 W4 W4 W4 | XW6.2 | XW6.2 | W4 W4 W6G WD42A W6G W4 W4 | FB1 XW6 XW6 BR1 BR1 BR1 BR1 XW6 BR1 | XW62 | XW6 FB1 XW6 XW6 BR1 BR1 XW6 BR1 BR1 XW6 FB1 XW6 XW6 BR1 BR1 XW6 BR1 BR1 XW6 XW6 XW6 XW6 FB1 WD40A
A-101CD,Level 01 Floor Plan Blocks C & D,Architectural,5,Precast Concrete,Furnish & Install Precast Concrete Stair Treads,Stairs,1,WRONG,"All referenced regions are title-block/page furniture - e.g. the architect's own office address/phone (""T 801.924.5000"") - not a scope of work.",T 801.924.5000,T 801.924.5000
A-153E,Level 03 Rcp Block E,Architectural,6,Rough Carpentry,Furnish & Install Wood Blocking and Backing,Blocking and Backing,1,RIGHT,"Referenced text (""D. PROVIDE REQUIRED BLOCKING AND SUPPORT FOR CEILING FANS AND ALL OTHER CEILING MOUNTED FIXTURES."") supports the item; matched terms: block, blocking.",D. PROVIDE REQUIRED BLOCKING AND SUPPORT FOR CEILING FANS AND ALL OTHER CEILING MOUNTED FIXTURES.,D. PROVIDE REQUIRED BLOCKING AND SUPPORT FOR CEILING FANS AND ALL OTHER CEILING MOUNTED FIXTURES.
A-153E,Level 03 Rcp Block E,Architectural,6,Joint Sealants,Review Expansion Joint Schedule on G Series Sheets,Others,1,RIGHT,"Referenced text (""H. SEE G SERIES SHEETS FOR EXPANSION JOINT SCHEDULE."") supports the item; matched terms: expansion, joint, schedule, serie, series, sheet, sheets.",H. SEE G SERIES SHEETS FOR EXPANSION JOINT SCHEDULE.,H. SEE G SERIES SHEETS FOR EXPANSION JOINT SCHEDULE.
A-153E,Level 03 Rcp Block E,Architectural,6,Drywall,"Furnish & Install Drywall Trim, Corner Bead, And Escutcheons",Finishing,1,RIGHT,"Referenced text (""E. PROVIDE APPROPRIATE TRIM OR ESCUTCHEONS FOR ALL ITEMS PENETRATING CEILINGS FROM FINISH SPACE."") supports the item; matched terms: escutcheon, escutcheons, finish, trim.",E. PROVIDE APPROPRIATE TRIM OR ESCUTCHEONS FOR ALL ITEMS PENETRATING CEILINGS FROM FINISH SPACE.,E. PROVIDE APPROPRIATE TRIM OR ESCUTCHEONS FOR ALL ITEMS PENETRATING CEILINGS FROM FINISH SPACE.
A-153E,Level 03 Rcp Block E,Architectural,6,Drywall,Furnish & Install Framing And Sealing For Ceiling Penetrations And Box Outs,Soffits and Bulkheads,1,RIGHT,"Referenced text (""F. LIGHT FIXTURES IN CEILINGS TO RECEIVE BATT INSULATION ON TOP SHALL HAVE A BOX OUT TO PROTECT THE INSULATION FROM THE HEAT OF THE LIGHT SOURCE."") supports the item; matched terms: box, ceiling.",F. LIGHT FIXTURES IN CEILINGS TO RECEIVE BATT INSULATION ON TOP SHALL HAVE A BOX OUT TO PROTECT THE INSULATION FROM THE HEAT OF THE LIGHT SOURCE.,F. LIGHT FIXTURES IN CEILINGS TO RECEIVE BATT INSULATION ON TOP SHALL HAVE A BOX OUT TO PROTECT THE INSULATION FROM THE HEAT OF THE LIGHT SOURCE.
A-153E,Level 03 Rcp Block E,Architectural,6,Drywall,Furnish & Install Framing For Soffits,Soffits and Bulkheads,1,RIGHT,"Referenced text (""G. ALL SOFFIT DIMENSIONS ARE TO FACE OF FINISH MATERIAL."") supports the item; matched terms: soffit.",G. ALL SOFFIT DIMENSIONS ARE TO FACE OF FINISH MATERIAL.,G. ALL SOFFIT DIMENSIONS ARE TO FACE OF FINISH MATERIAL.
A-153E,Level 03 Rcp Block E,Architectural,6,Drywall,Furnish & Install Seismic Bracing For Walls And Ceilings,Metal Framing,1,RIGHT,"Referenced text (""I. FOR TYPICAL CEILING AND SEISMIC BRACING DETAILS, REFER TO A700s SHEET SERIES."") supports the item; matched terms: brac, bracing, ceiling, seismic.","I. FOR TYPICAL CEILING AND SEISMIC BRACING DETAILS, REFER TO A700s SHEET SERIES.","I. FOR TYPICAL CEILING AND SEISMIC BRACING DETAILS, REFER TO A700s SHEET SERIES."
A-153E,Level 03 Rcp Block E,Architectural,6,Miscellaneous Metals,Furnish & Install Corner Guards,Corner & Wall Guards,1,WRONG,"The referenced text is the tag ""CG1.14"", which the ceiling assembly-type legend on G-501/G-511 defines as 1/2 hr floor-ceiling, glass mat sheathing - a ceiling assembly designation, not ""Furnish & Install Corner Guards"". This looks like the abbreviation/tag was read as the wrong kind of callout.","CG1.14 7' - 11 3/8""","CG1.14 7' - 11 3/8"""
A-203,Building Elevations Breezeway,Architectural,7,Masonry,Furnish & Install Brick Veneer System,Brick Veneer,11,RIGHT,"Referenced text (""BLDG ELEVATION LEGEND | BR1 BRICK VENEER | BR1 | BR1 | BR1 | BR1 | BR1 | BR1 | BR1 | BR1 | BR1"") supports the item; matched terms: brick, veneer.",BLDG ELEVATION LEGEND | BR1 BRICK VENEER | BR1 | BR1 | BR1 | BR1 | BR1 | BR1 | BR1 | BR1 | BR1,BLDG ELEVATION LEGEND | BR1 BRICK VENEER | BR1 | BR1 | BR1 | BR1 | BR1 | BR1 | BR1 | BR1 | BR1
A-203,Building Elevations Breezeway,Architectural,7,Flashing and Sheet Metal,"Furnish & Install Gutters, Downspouts, and Associated Accessories",Gutters & Downspouts,1,RIGHT,"Referenced text (""C. PROVIDE GUTTERS AND DOWN SPOUTS w/ HEAT CABLE, SNOW FENCES, AND SNOW CLIPS - SEE ROOF PLAN."") supports the item; matched terms: gutter, gutters.","C. PROVIDE GUTTERS AND DOWN SPOUTS w/ HEAT CABLE, SNOW FENCES, AND SNOW CLIPS - SEE ROOF PLAN.","C. PROVIDE GUTTERS AND DOWN SPOUTS w/ HEAT CABLE, SNOW FENCES, AND SNOW CLIPS - SEE ROOF PLAN."
A-203,Building Elevations Breezeway,Architectural,7,Steep Slope Roofing,Furnish & Install Asphalt Shingles,Asphalt Shingles,1,RIGHT,"Referenced text (""RW4 ASPHALT SHINGLE"") supports the item; matched terms: asphalt, shingle.",RW4 ASPHALT SHINGLE,RW4 ASPHALT SHINGLE
A-203,Building Elevations Breezeway,Architectural,7,Roofing and Siding Panels,Furnish & Install Fiber Cement Siding,Fiber Cement Siding,14,RIGHT,"Referenced text (""FB1 FIBER BOARD, HORIZONTAL | FB2 FIBER BOARD, VERTICAL | FB1 | FB1 | FB1 | FB1 | FB1 | FB1 | FB1 | FB1 | FB1 | FB1 | FB1 | FB1"") supports the item; matched terms: fiber.","FB1 FIBER BOARD, HORIZONTAL | FB2 FIBER BOARD, VERTICAL | FB1 | FB1 | FB1 | FB1 | FB1 | FB1 | FB1 | FB1 | FB1 | FB1 | FB1 | FB1","FB1 FIBER BOARD, HORIZONTAL | FB2 FIBER BOARD, VERTICAL | FB1 | FB1 | FB1 | FB1 | FB1 | FB1 | FB1 | FB1 | FB1 | FB1 | FB1 | FB1"
A-203,Building Elevations Breezeway,Architectural,7,Painting and Coating,Furnish & Install Painting For All Exposed Unfinished Steel,Interior Painting,1,RIGHT,"Referenced text (""E. ALL EXPOSED UNFINISHED STEEL TO BE PAINTED UNLESS DIRECTED BY ARCHITECT."") supports the item; matched terms: exposed, steel, unfinished.",E. ALL EXPOSED UNFINISHED STEEL TO BE PAINTED UNLESS DIRECTED BY ARCHITECT.,E. ALL EXPOSED UNFINISHED STEEL TO BE PAINTED UNLESS DIRECTED BY ARCHITECT.
A-203,Building Elevations Breezeway,Architectural,7,Safety Specialties,Furnish & Install Fire Extinguishers And Cabinets,Fire Extinguishers & Cabinets,1,RIGHT,"Referenced text (""FEC FIRE EXT CAB"") supports the item; matched terms: fire.",FEC FIRE EXT CAB,FIRE EXT CAB FEC
A-203,Building Elevations Breezeway,Architectural,7,Site Improvements,Furnish & Install — Bike Racks,Site Furnishings (Fixed),1,RIGHT,"Referenced text (""BIKE RACK"") supports the item; matched terms: bike, rack.",BIKE RACK,BIKE RACK
A-203,Building Elevations Breezeway,Architectural,7,Electrical,Furnish & Install Exterior Lighting Above Doors,Lighting & Lighting Controls,1,RIGHT,"Referenced text (""LIGHTS ABOVE DOORS. SEE ELECTRICAL"") supports the item; matched terms: above, door, doors, light.",LIGHTS ABOVE DOORS. SEE ELECTRICAL,LIGHTS ABOVE DOORS. SEE ELECTRICAL
A-203,Building Elevations Breezeway,Architectural,7,Electronic Safety and Security,Furnish & Install Knox Box for Emergency Access,Access Control,1,RIGHT,"Referenced text (""KX1 KNOX"") supports the item; matched terms: knox.",KX1 KNOX,KNOX KX1
A-203,Building Elevations Breezeway,Architectural,7,Signage,Furnish & Install Building Address Signage,Exterior Signage,3,WRONG,"All referenced regions are title-block/page furniture - e.g. the architect's own office address/phone (""Architectural NEXUS, Inc.; 2505 East Parleys Way; Salt Lake City, Utah 84109"") - not a scope of work.","Architectural NEXUS, Inc. | 2505 East Parleys Way | Salt Lake City, Utah 84109","Architectural NEXUS, Inc. | 2505 East Parleys Way | Salt Lake City, Utah 84109"
A-351,Wall Sections,Architectural,8,Wall Finishes,Furnish & Install Wall Finishes Per Finish Schedule And Elevations,Wall Covering,18,RIGHT,"Referenced tag(s) ""FG5.1, XW6"" appear on the G-501/G-511 assembly legend and are consistent with ""Furnish & Install Wall Finishes Per Finish Schedule And Elevations"".",FG5.1 | XW6 | XW6 | XW6 | FG5.1 | XW6 | XW6 | XW6 | XW6 | XW6 | XW6 | XW6 | FG5.1 | XW6 | XW6 | XW6 | XW6 | FG5.1,FG5.1 | XW6 | XW6 | XW6 | FG5.1 | XW6 | XW6 | XW6 | XW6 | XW6 | XW6 | XW6 | FG5.1 | XW6 | XW6 | XW6 | XW6 | FG5.1
A-351,Wall Sections,Architectural,8,Windows,Furnish & Install Vinyl Clad Windows,Vinyl Windows,8,WRONG,"The referenced text is the tag ""FW22"", which the floor assembly-type legend on G-501/G-511 defines as 1/2 hr UL L501, wood floor truss, resilient channel - a floor assembly designation, not ""Furnish & Install Vinyl Clad Windows"". This looks like the abbreviation/tag was read as the wrong kind of callout.",FW22 | FW22 | FW22 | FW22 | FW22 | FW22 | FW22 | FW22,FW22 | FW22 | FW22 | FW22 | FW22 | FW22 | FW22 | FW22
A-351,Wall Sections,Architectural,8,Masonry,Furnish & Install Brick Veneer System,Brick Veneer,15,RIGHT,"Referenced tag(s) ""BR1, FB1, FB2"" appear on the G-501/G-511 assembly legend and are consistent with ""Furnish & Install Brick Veneer System"".",FB2 | FB2 | FB2 | BR1 | BR1 | FB2 | FB2 | BR1 | FB1 | FB1 | FB1 | FB1 | BR1 | FB1 | FB1,FB2 | FB2 | FB2 | BR1 | BR1 | FB2 | FB2 | BR1 | FB1 | FB1 | FB1 | FB1 | BR1 | FB1 | FB1
A-351,Wall Sections,Architectural,8,Flashing and Sheet Metal,"Furnish & Install Gutters, Downspouts, and Associated Accessories",Gutters & Downspouts,5,RIGHT,"Referenced text (""RW4 | RW4 | RW4 | DOWNSPOUT, SEE CIVIL & LANDSCAPE | RW4"") supports the item; matched terms: downspout.","RW4 | RW4 | RW4 | DOWNSPOUT, SEE CIVIL & LANDSCAPE | RW4","RW4 | RW4 | RW4 | DOWNSPOUT, SEE CIVIL & LANDSCAPE | RW4"
A-351,Wall Sections,Architectural,8,Flashing and Sheet Metal,Furnish & Install Self-Adhered and Flexible Flashing Membrane,Others,1,RIGHT,"Referenced text (""SELF ADHERED FLASHING MEMBRANE"") supports the item; matched terms: flash, flashing, membrane.",SELF ADHERED FLASHING MEMBRANE,SELF ADHERED FLASHING MEMBRANE
A-351,Wall Sections,Architectural,8,Flashing and Sheet Metal,Furnish & Install Continuous Flexible Silicone Membrane Flashing,Others,1,RIGHT,"Referenced text (""CONTINUOUS FLEXIBLE SILICONE MEMBRANE FLASHING"") supports the item; matched terms: continuou, continuous, flash, flashing, flexible, membrane, silicone.",CONTINUOUS FLEXIBLE SILICONE MEMBRANE FLASHING,CONTINUOUS FLEXIBLE SILICONE MEMBRANE FLASHING
A-351,Wall Sections,Architectural,8,Membrane Roofing,Furnish & Install Self-Adhered Single-Ply Roofing Membrane,Others,1,RIGHT,"Referenced text (""SELF-ADHERED SINGLE-PLY ROOFING MEMBRANE"") supports the item; matched terms: membrane, roof, roofing, self-adhered, single-ply.",SELF-ADHERED SINGLE-PLY ROOFING MEMBRANE,SELF-ADHERED SINGLE-PLY ROOFING MEMBRANE
A-351,Wall Sections,Architectural,8,Membrane Roofing,Furnish & Install High Temperature Roof Underlayment,Others,1,RIGHT,"Referenced text (""ROOF UNDERLAYMENT, HIGH TEMP"") supports the item; matched terms: high, roof, underlayment.","ROOF UNDERLAYMENT, HIGH TEMP","ROOF UNDERLAYMENT, HIGH TEMP"
A-351,Wall Sections,Architectural,8,Dampproofing and Waterproofing,Furnish & Install Self-Adhered Foil-Faced Membrane,Others,1,RIGHT,"Referenced text (""SELF ADHERED FOIL-FACED MEMBRANE"") supports the item; matched terms: foil-faced, membrane.",SELF ADHERED FOIL-FACED MEMBRANE,SELF ADHERED FOIL-FACED MEMBRANE
A-351,Wall Sections,Architectural,8,Dampproofing and Waterproofing,Furnish & Install Ice And Water Shield Membrane,Others,1,RIGHT,"Referenced text (""ICE & WATER SHIELD"") supports the item; matched terms: ice, shield, water.",ICE & WATER SHIELD,ICE & WATER SHIELD
A-351,Wall Sections,Architectural,8,Dampproofing and Waterproofing,Furnish & Install Weather Resistant Barrier (WRB),Others,1,RIGHT,"Referenced text (""WEATHER RESISTANT BARRIER (WRB)"") supports the item; matched terms: barrier, resistant, weather, wrb.",WEATHER RESISTANT BARRIER (WRB),WEATHER RESISTANT BARRIER (WRB)
A-351,Wall Sections,Architectural,8,Dampproofing and Waterproofing,Furnish & Install Vapor Control Layer (VCL) And Smart Vapor Retarder,Others,2,RIGHT,"Referenced text (""VAPOR CONTROL LAYER (VCL) | SMART VAPOR RETARDER"") supports the item; matched terms: control, layer, retarder, smart, vapor, vcl.",VAPOR CONTROL LAYER (VCL) | SMART VAPOR RETARDER,VAPOR CONTROL LAYER (VCL) | SMART VAPOR RETARDER
A-351,Wall Sections,Architectural,8,Dampproofing and Waterproofing,Furnish & Install Below Slab Vapor Barrier,Below-Grade Waterproofing,1,RIGHT,"Referenced text (""VAPOR BARRIER, BELOW SLAB"") supports the item; matched terms: barrier, below, slab, vapor.","VAPOR BARRIER, BELOW SLAB","VAPOR BARRIER, BELOW SLAB"
A-351,Wall Sections,Architectural,8,Dampproofing and Waterproofing,Furnish & Install Below Grade Dampproofing,Foundation Dampproofing,1,RIGHT,"Referenced text (""BELOW GRADE DAMPPROOFING"") supports the item; matched terms: below, dampproof, dampproofing, grade, grading.",BELOW GRADE DAMPPROOFING,BELOW GRADE DAMPPROOFING
A-351,Wall Sections,Architectural,8,Dampproofing and Waterproofing,Furnish & Install Fluid-Applied Waterproofing,Below-Grade Waterproofing,1,RIGHT,"Referenced text (""FLUID-APPLIED WATERPROOFING"") supports the item; matched terms: fluid-applied, waterproof, waterproofing.",FLUID-APPLIED WATERPROOFING,FLUID-APPLIED WATERPROOFING
A-351,Wall Sections,Architectural,8,Miscellaneous Metals,Furnish & Install Corner Guards,Corner & Wall Guards,12,WRONG,"The referenced text is the tag ""CG1.11"", which the ceiling assembly-type legend on G-501/G-511 defines as 1/2 hr floor-ceiling, moisture resistant gyp - a ceiling assembly designation, not ""Furnish & Install Corner Guards"". This looks like the abbreviation/tag was read as the wrong kind of callout.",CG1.11 | CG1.11 | CG1.11 | CG1.11 | CG1.11 | CG1.11 | CG1.11 | CG1.11 | CG1.11 | CG1.11 | CG1.11 | CG1.11,CG1.11 | CG1.11 | CG1.11 | CG1.11 | CG1.11 | CG1.11 | CG1.11 | CG1.11 | CG1.11 | CG1.11 | CG1.11 | CG1.11
A-421,Enlarged Plans Unit 2,Architectural,9,Drywall,Furnish & Install Gypsum Board Type GB-1,Gypsum Board,8,RIGHT,"Referenced text (""180 SF C-1 RB-1 P-1 GB-1 LIVING A | 128 SF C-1 CB-1 P-1 GB-1 BEDROOM G | 141 SF C-1 CB-1 P-1 GB-1 PRIMARY BEDROOM F | 132 SF LVT-1 RB-1/RB-2 P-1 GB-1 "") supports the item; matched terms: board, gb-1, gypsum.",180 SF C-1 RB-1 P-1 GB-1 LIVING A | 128 SF C-1 CB-1 P-1 GB-1 BEDROOM G | 141 SF C-1 CB-1 P-1 GB-1 PRIMARY BEDROOM F | 132 SF LVT-1 RB-1/RB-2 P-1 GB-1 KITCHEN B | 59 SF T-2 TB-1 P-1 GB-1 LAUNDRY E | 71 SF LVT-1 RB-1 P-1 GB-1 HALL H | 34 SF EF-1 RB-1 P-1 GB-1 MECH M | 9 SF LVT-1 RB-1 P-1 GB-1 CLOSET C,LIVING A GB-1 P-1 RB-1 C-1 180 SF | BEDROOM G GB-1 P-1 CB-1 C-1 128 SF | PRIMARY BEDROOM F GB-1 P-1 CB-1 C-1 141 SF | KITCHEN B GB-1 P-1 RB-1/RB-2 LVT-1 132 SF | LAUNDRY E GB-1 P-1 TB-1 T-2 59 SF | HALL H GB-1 P-1 RB-1 LVT-1 71 SF | MECH M GB-1 P-1 RB-1 EF-1 34 SF | CLOSET C GB-1 P-1 RB-1 LVT-1 9 SF
A-421,Enlarged Plans Unit 2,Architectural,9,Drywall,Furnish & Install Gypsum Board Type GB-2,Gypsum Board,1,RIGHT,"Referenced text (""49 SF T-2 TB-1 EP-1 GB-2 BATH D"") supports the item; matched terms: board, gb-2, gypsum.",49 SF T-2 TB-1 EP-1 GB-2 BATH D,BATH D GB-2 EP-1 TB-1 T-2 49 SF
A-421,Enlarged Plans Unit 2,Architectural,9,Drywall,Furnish & Install Tile Backer Board And Moisture Resistant Gypsum Board In Wet Areas,Gypsum Board,1,RIGHT,"Referenced text (""C. WHERE THE FINISH SCHEDULE OR INTERIOR ELEVATIONS CALL FOR TILE, REPLACE GYPSUM BOARD SHOWN IN THE WALL'S ASSEMBLY WITH TILE BACKER BOARD WHERE TILE"") supports the item; matched terms: backer, board, gypsum, moisture, resistant, tile.","C. WHERE THE FINISH SCHEDULE OR INTERIOR ELEVATIONS CALL FOR TILE, REPLACE GYPSUM BOARD SHOWN IN THE WALL'S ASSEMBLY WITH TILE BACKER BOARD WHERE TILE OCCURS. REPLACE OTHER GYPSUM BOARD SHOWN IN THAT WALL'S ASSEMBLY WITH MOISTURE RESISTANT GYPSUM BOARD WHERE NO TILE OCCURS.","C. WHERE THE FINISH SCHEDULE OR INTERIOR ELEVATIONS CALL FOR TILE, REPLACE GYPSUM BOARD SHOWN IN THE WALL'S ASSEMBLY WITH TILE BACKER BOARD WHERE TILE OCCURS. REPLACE OTHER GYPSUM BOARD SHOWN IN THAT WALL'S ASSEMBLY WITH MOISTURE RESISTANT GYPSUM BOARD WHERE NO TILE OCCURS."
A-421,Enlarged Plans Unit 2,Architectural,9,Drywall,Furnish & Install Wall Framing Continuous To Deck And As Per General Notes,Metal Framing,3,RIGHT,"Referenced text (""G. ALL SOFFIT DIMENSIONS ARE TO FACE OF FINISH MATERIAL. | I. FOR TYPICAL CEILING AND SEISMIC BRACING DETAILS, REFER TO A700s SHEET SERIES. | A. ALL N"") supports the item; matched terms: continuou, continuous, deck, wall.","G. ALL SOFFIT DIMENSIONS ARE TO FACE OF FINISH MATERIAL. | I. FOR TYPICAL CEILING AND SEISMIC BRACING DETAILS, REFER TO A700s SHEET SERIES. | A. ALL NEW WALL ASSEMBLIES ARE CONTINUOUS TO BOTTOM OF DECK UNLESS NOTED OTHERWISE.","G. ALL SOFFIT DIMENSIONS ARE TO FACE OF FINISH MATERIAL. | I. FOR TYPICAL CEILING AND SEISMIC BRACING DETAILS, REFER TO A700s SHEET SERIES. | A. ALL NEW WALL ASSEMBLIES ARE CONTINUOUS TO BOTTOM OF DECK UNLESS NOTED OTHERWISE."
A-421,Enlarged Plans Unit 2,Architectural,9,Rough Carpentry,Furnish & Install Wood Blocking and Backing,Blocking and Backing,3,RIGHT,"Referenced text (""D. PROVIDE REQUIRED BLOCKING AND SUPPORT FOR CEILING FANS AND ALL OTHER CEILING MOUNTED FIXTURES. | D. PROVIDE BACKING / SUPPORT FOR ALL MOUNTED FIXTU"") supports the item; matched terms: back, backing, block, blocking.","D. PROVIDE REQUIRED BLOCKING AND SUPPORT FOR CEILING FANS AND ALL OTHER CEILING MOUNTED FIXTURES. | D. PROVIDE BACKING / SUPPORT FOR ALL MOUNTED FIXTURES, EQUIPMENT, CASEWORK, AND/OR SYSTEMS FURNITURE. COORDINATE WITH FLOOR PLANS, AND INTERIOR ELEVATIONS PRIOR TO THE COVERING OF STUD FRAMING. REFER TO MANUFACTURER'S RECOMMENDATIONS WHERE APPLICABLE, OTHERWISE REFER TO DETAILS ON A700s SHEET SERIES","D. PROVIDE REQUIRED BLOCKING AND SUPPORT FOR CEILING FANS AND ALL OTHER CEILING MOUNTED FIXTURES. | D. PROVIDE BACKING / SUPPORT FOR ALL MOUNTED FIXTURES, EQUIPMENT, CASEWORK, AND/OR SYSTEMS FURNITURE. COORDINATE WITH FLOOR PLANS, AND INTERIOR ELEVATIONS PRIOR TO THE COVERING OF STUD FRAMING. REFER TO MANUFACTURER'S RECOMMENDATIONS WHERE APPLICABLE, OTHERWISE REFER TO DETAILS ON A700s SHEET SERIES"
A-421,Enlarged Plans Unit 2,Architectural,9,Thermal Protection,Furnish & Install Insulation Accessories (Baffles And Box Outs),Others,1,RIGHT,"Referenced text (""F. LIGHT FIXTURES IN CEILINGS TO RECEIVE BATT INSULATION ON TOP SHALL HAVE A BOX OUT TO PROTECT THE INSULATION FROM THE HEAT OF THE LIGHT SOURCE."") supports the item; matched terms: box, insulation.",F. LIGHT FIXTURES IN CEILINGS TO RECEIVE BATT INSULATION ON TOP SHALL HAVE A BOX OUT TO PROTECT THE INSULATION FROM THE HEAT OF THE LIGHT SOURCE.,F. LIGHT FIXTURES IN CEILINGS TO RECEIVE BATT INSULATION ON TOP SHALL HAVE A BOX OUT TO PROTECT THE INSULATION FROM THE HEAT OF THE LIGHT SOURCE.
A-421,Enlarged Plans Unit 2,Architectural,9,Flashing and Sheet Metal,"Furnish & Install Gutters, Downspouts, and Associated Accessories",Gutters & Downspouts,2,RIGHT,"[Manual review] Referenced text ""DS"" is the downspout symbol/abbreviation shown on the roof plan, consistent with the item.",DS | DS,DS | DS
A-421,Enlarged Plans Unit 2,Architectural,9,Joint Sealants,"Furnish & Install Expansion Joint Systems, Fillers, and Sealants",Expansion Joint Sealants,1,RIGHT,"Referenced text (""H. SEE G SERIES SHEETS FOR EXPANSION JOINT SCHEDULE."") supports the item; matched terms: expansion, joint.",H. SEE G SERIES SHEETS FOR EXPANSION JOINT SCHEDULE.,H. SEE G SERIES SHEETS FOR EXPANSION JOINT SCHEDULE.
A-421,Enlarged Plans Unit 2,Architectural,9,"Doors, Frames & Hardware",Furnish & Install Coordination For Reversed Door Handings In Mirrored Units,Installation and Adjustments,2,RIGHT,"Referenced text (""SOME UNITS MAY BE MIRRORED IN OVERALL PLANS OR UNIT SCHEDULE. DOOR HANDINGS AND LOCKSETS WILL BE REVERSED. | I. WHERE DOOR LOCATIONS ARE NOT DIMENSION"") supports the item; matched terms: door, handing, handings, mirrored, reversed, unit, units.","SOME UNITS MAY BE MIRRORED IN OVERALL PLANS OR UNIT SCHEDULE. DOOR HANDINGS AND LOCKSETS WILL BE REVERSED. | I. WHERE DOOR LOCATIONS ARE NOT DIMENSIONED, SEE DETAILS REFERENCED IN DOOR SCHEDULE BY SPECIFIC CONDITION. OTHERWISE, THE HINGE SIDE OF DOOR ROUGH OPENINGS SHALL BE LOCATED 4"" FROM THE ADJACENT PERPENDICULAR WALL, SUBJECT TO MAINTENANCE OF REQUIRED ADA CLEARANCES REFERENCED IN THE G700s SH","SOME UNITS MAY BE MIRRORED IN OVERALL PLANS OR UNIT SCHEDULE. DOOR HANDINGS AND LOCKSETS WILL BE REVERSED. | I. WHERE DOOR LOCATIONS ARE NOT DIMENSIONED, SEE DETAILS REFERENCED IN DOOR SCHEDULE BY SPECIFIC CONDITION. OTHERWISE, THE HINGE SIDE OF DOOR ROUGH OPENINGS SHALL BE LOCATED 4"" FROM THE ADJACENT PERPENDICULAR WALL, SUBJECT TO MAINTENANCE OF REQUIRED ADA CLEARANCES REFERENCED IN THE G700s SH"
A-421,Enlarged Plans Unit 2,Architectural,9,Tiling,Furnish & Install Floor Tile,Ceramic & Porcelain Tile,2,RIGHT,"Referenced text (""49 SF T-2 TB-1 EP-1 GB-2 BATH D | 59 SF T-2 TB-1 P-1 GB-1 LAUNDRY E"") supports the item; matched terms: ceramic, porcelain, tile.",49 SF T-2 TB-1 EP-1 GB-2 BATH D | 59 SF T-2 TB-1 P-1 GB-1 LAUNDRY E,BATH D GB-2 EP-1 TB-1 T-2 49 SF | LAUNDRY E GB-1 P-1 TB-1 T-2 59 SF
A-421,Enlarged Plans Unit 2,Architectural,9,Tiling,Furnish & Install Tile Base,Ceramic & Porcelain Tile,7,RIGHT,"Referenced text (""49 SF T-2 TB-1 EP-1 GB-2 BATH D | 59 SF T-2 TB-1 P-1 GB-1 LAUNDRY E | TB-1 | TB-1 | TB-1 | TB-1 | TB-1"") supports the item; matched terms: base, ceramic, porcelain, tile.",49 SF T-2 TB-1 EP-1 GB-2 BATH D | 59 SF T-2 TB-1 P-1 GB-1 LAUNDRY E | TB-1 | TB-1 | TB-1 | TB-1 | TB-1,BATH D GB-2 EP-1 TB-1 T-2 49 SF | LAUNDRY E GB-1 P-1 TB-1 T-2 59 SF | TB-1 | TB-1 | TB-1 | TB-1 | TB-1
A-421,Enlarged Plans Unit 2,Architectural,9,Flooring,Furnish & Install Rubber Base,Base and Transitions,11,RIGHT,"Referenced text (""RB-1 | RB-1 | 180 SF C-1 RB-1 P-1 GB-1 LIVING A | 132 SF LVT-1 RB-1/RB-2 P-1 GB-1 KITCHEN B | 71 SF LVT-1 RB-1 P-1 GB-1 HALL H | 34 SF EF-1 RB-1 P-1 G"") supports the item; matched terms: base, rubber.",RB-1 | RB-1 | 180 SF C-1 RB-1 P-1 GB-1 LIVING A | 132 SF LVT-1 RB-1/RB-2 P-1 GB-1 KITCHEN B | 71 SF LVT-1 RB-1 P-1 GB-1 HALL H | 34 SF EF-1 RB-1 P-1 GB-1 MECH M | 9 SF LVT-1 RB-1 P-1 GB-1 CLOSET C | RB-1 | RB-1 | RB-1 | RB-1,RB-1 | RB-1 | LIVING A GB-1 P-1 RB-1 C-1 180 SF | KITCHEN B GB-1 P-1 RB-1/RB-2 LVT-1 132 SF | HALL H GB-1 P-1 RB-1 LVT-1 71 SF | MECH M GB-1 P-1 RB-1 EF-1 34 SF | CLOSET C GB-1 P-1 RB-1 LVT-1 9 SF | RB-1 | RB-1 | RB-1 | RB-1
A-421,Enlarged Plans Unit 2,Architectural,9,Flooring,Furnish & Install Carpet,Carpet,3,RIGHT,"Referenced text (""180 SF C-1 RB-1 P-1 GB-1 LIVING A | 128 SF C-1 CB-1 P-1 GB-1 BEDROOM G | 141 SF C-1 CB-1 P-1 GB-1 PRIMARY BEDROOM F"") supports the item; matched terms: carpet.",180 SF C-1 RB-1 P-1 GB-1 LIVING A | 128 SF C-1 CB-1 P-1 GB-1 BEDROOM G | 141 SF C-1 CB-1 P-1 GB-1 PRIMARY BEDROOM F,LIVING A GB-1 P-1 RB-1 C-1 180 SF | BEDROOM G GB-1 P-1 CB-1 C-1 128 SF | PRIMARY BEDROOM F GB-1 P-1 CB-1 C-1 141 SF
A-421,Enlarged Plans Unit 2,Architectural,9,Flooring,Furnish & Install Carpet Base,Base and Transitions,4,RIGHT,"Referenced text (""128 SF C-1 CB-1 P-1 GB-1 BEDROOM G | 141 SF C-1 CB-1 P-1 GB-1 PRIMARY BEDROOM F | CB-1 | CB-1"") supports the item; matched terms: base, carpet.",128 SF C-1 CB-1 P-1 GB-1 BEDROOM G | 141 SF C-1 CB-1 P-1 GB-1 PRIMARY BEDROOM F | CB-1 | CB-1,BEDROOM G GB-1 P-1 CB-1 C-1 128 SF | PRIMARY BEDROOM F GB-1 P-1 CB-1 C-1 141 SF | CB-1 | CB-1
A-421,Enlarged Plans Unit 2,Architectural,9,Flooring,Furnish & Install Luxury Vinyl Tile,Resilient Flooring,3,RIGHT,"Referenced text (""132 SF LVT-1 RB-1/RB-2 P-1 GB-1 KITCHEN B | 71 SF LVT-1 RB-1 P-1 GB-1 HALL H | 9 SF LVT-1 RB-1 P-1 GB-1 CLOSET C"") supports the item; matched terms: luxury, resilient, tile, vinyl.",132 SF LVT-1 RB-1/RB-2 P-1 GB-1 KITCHEN B | 71 SF LVT-1 RB-1 P-1 GB-1 HALL H | 9 SF LVT-1 RB-1 P-1 GB-1 CLOSET C,KITCHEN B GB-1 P-1 RB-1/RB-2 LVT-1 132 SF | HALL H GB-1 P-1 RB-1 LVT-1 71 SF | CLOSET C GB-1 P-1 RB-1 LVT-1 9 SF
A-421,Enlarged Plans Unit 2,Architectural,9,Flooring,Furnish & Install Resinous Flooring,Resinous Flooring,1,RIGHT,"Referenced text (""34 SF EF-1 RB-1 P-1 GB-1 MECH M"") supports the item; matched terms: flooring, resinous.",34 SF EF-1 RB-1 P-1 GB-1 MECH M,MECH M GB-1 P-1 RB-1 EF-1 34 SF
A-421,Enlarged Plans Unit 2,Architectural,9,Painting and Coating,Furnish & Install Paint Finish P-1,Interior Painting,18,RIGHT,"Referenced text (""P-1 | P-1 | 180 SF C-1 RB-1 P-1 GB-1 LIVING A | 128 SF C-1 CB-1 P-1 GB-1 BEDROOM G | 141 SF C-1 CB-1 P-1 GB-1 PRIMARY BEDROOM F | 132 SF LVT-1 RB-1/RB"") supports the item; matched terms: p-1, paint, painting.",P-1 | P-1 | 180 SF C-1 RB-1 P-1 GB-1 LIVING A | 128 SF C-1 CB-1 P-1 GB-1 BEDROOM G | 141 SF C-1 CB-1 P-1 GB-1 PRIMARY BEDROOM F | 132 SF LVT-1 RB-1/RB-2 P-1 GB-1 KITCHEN B | 59 SF T-2 TB-1 P-1 GB-1 LAUNDRY E | 71 SF LVT-1 RB-1 P-1 GB-1 HALL H | 34 SF EF-1 RB-1 P-1 GB-1 MECH M | 9 SF LVT-1 RB-1 P-1 GB-1 CLOSET C | P-1 | P-1 | P-1 | P-1 | P-1 | P-1 | P-1 | P-1,P-1 | P-1 | LIVING A GB-1 P-1 RB-1 C-1 180 SF | BEDROOM G GB-1 P-1 CB-1 C-1 128 SF | PRIMARY BEDROOM F GB-1 P-1 CB-1 C-1 141 SF | KITCHEN B GB-1 P-1 RB-1/RB-2 LVT-1 132 SF | LAUNDRY E GB-1 P-1 TB-1 T-2 59 SF | HALL H GB-1 P-1 RB-1 LVT-1 71 SF | MECH M GB-1 P-1 RB-1 EF-1 34 SF | CLOSET C GB-1 P-1 RB-1 LVT-1 9 SF | P-1 | P-1 | P-1 | P-1 | P-1 | P-1 | P-1 | P-1
A-421,Enlarged Plans Unit 2,Architectural,9,Painting and Coating,Furnish & Install Epoxy Paint Finish EP-1,High-Performance Coatings,5,RIGHT,"Referenced text (""49 SF T-2 TB-1 EP-1 GB-2 BATH D | EP-1 | EP-1 | EP-1 | EP-1"") supports the item; matched terms: coating, ep-1, epoxy, paint.",49 SF T-2 TB-1 EP-1 GB-2 BATH D | EP-1 | EP-1 | EP-1 | EP-1,BATH D GB-2 EP-1 TB-1 T-2 49 SF | EP-1 | EP-1 | EP-1 | EP-1
A-421,Enlarged Plans Unit 2,Architectural,9,Interior Specialties,Furnish & Install Toilet & Bathroom Accessories,Toilet Accessories,6,RIGHT,"[Manual review] Referenced equipment tags (TH1 Towel Hook, TR1 Towel Ring, MR1 Mirror, TP1 TP Holder) are all bathroom accessories per the specialty equipment schedule.",TH1 TOWEL HOOK | TR1 TOWEL RING | TH1 TOWEL HOOK | MR1 MIRROR | TR1 TOWEL RING | TP1 TP HOLDER,TH1 TOWEL HOOK | TR1 TOWEL RING | TH1 TOWEL HOOK | MR1 MIRROR | TR1 TOWEL RING | TP1 TP HOLDER
A-421,Enlarged Plans Unit 2,Architectural,9,Interior Specialties,Furnish & Install Trim and Escutcheons for Ceiling Penetrations,Others,1,RIGHT,"Referenced text (""E. PROVIDE APPROPRIATE TRIM OR ESCUTCHEONS FOR ALL ITEMS PENETRATING CEILINGS FROM FINISH SPACE."") supports the item; matched terms: ceiling, escutcheon, escutcheons, trim.",E. PROVIDE APPROPRIATE TRIM OR ESCUTCHEONS FOR ALL ITEMS PENETRATING CEILINGS FROM FINISH SPACE.,E. PROVIDE APPROPRIATE TRIM OR ESCUTCHEONS FOR ALL ITEMS PENETRATING CEILINGS FROM FINISH SPACE.
A-421,Enlarged Plans Unit 2,Architectural,9,Storage Specialties,Furnish & Install Shelving and Closet Rods,Others,11,RIGHT,"[Manual review] Referenced text (""ROD AND SHELF"", ""SR"", ""SHELVES"") matches shelving/closet-rod callouts in the closet and linen closet details.",ROD AND SHELF | SR | SR | SR | SR | SR | SR | SHELVES | SHELVES | ROD AND SHELF | SHELVES,ROD AND SHELF | SR | SR | SR | SR | SR | SR | SHELVES | SHELVES | ROD AND SHELF | SHELVES
A-421,Enlarged Plans Unit 2,Architectural,9,Residential Equipment,Furnish & Install Residential Appliances,Residential Appliances,8,RIGHT,"[Manual review] Referenced equipment tags (WA1 Washer, DR1 Dryer, FR1 Fridge, MW1 Microwave, RH1 Range Hood, GD1 Disposal, DW1 Dishwasher, OV1 Oven/Range) are all residential appliances per the specialty equipment schedule.",WA1 WASHER | DR1 DRYER | FR1 FRIDGE | MW1 MICROWAVE | RH1 RANGE HOOD | GD1 DISPOSAL | DW1 DISHWASHER | OV1 OVEN/RANGE,WA1 WASHER | DR1 DRYER | FR1 FRIDGE | MW1 MICROWAVE | RH1 RANGE HOOD | DISPOSAL GD1 | DISHWASHER DW1 | OVEN/RANGE OV1
A-421,Enlarged Plans Unit 2,Architectural,9,Window Treatments,Furnish & Install Curtain Rods,Drapery & Curtains,3,RIGHT,"Referenced text (""CR1 CURTAIN ROD | CR1 CURTAIN ROD | CR1 CURTAIN ROD"") supports the item; matched terms: curtain.",CR1 CURTAIN ROD | CR1 CURTAIN ROD | CR1 CURTAIN ROD,CR1 CURTAIN ROD | CR1 CURTAIN ROD | CR1 CURTAIN ROD
A-421,Enlarged Plans Unit 2,Architectural,9,Casework,Furnish & Install Plastic Laminate Casework,Plastic Laminate Casework,18,RIGHT,"Referenced text (""PL-1 | PL-1 | PL-1 | 302 28"" 36"" 12"" 2 SHELVES | 308M 26"" 36"" 26"" L-SHAPED, 2 SHELVES | 38"" 186M 36"" SHELF | PL-1 | PL-1 | 38"" 38"" 186M 36"" SHELF | 15"") supports the item; matched terms: casework, laminate, plastic.","PL-1 | PL-1 | PL-1 | 302 28"" 36"" 12"" 2 SHELVES | 308M 26"" 36"" 26"" L-SHAPED, 2 SHELVES | 38"" 186M 36"" SHELF | PL-1 | PL-1 | 38"" 38"" 186M 36"" SHELF | 152M 36"" 36"" 24"" TIP-OUT TRAYS | 308M 26"" 36"" 26"" L-SHAPED, 2 SHELVES | 302M 36"" 26"" 12"" LIGHT SKIRT | 301 12"" 36"" 12"" 2 SHELVES | 301 12"" 36"" 12"" 2 SHELVES | 326M 32"" 36"" 12"" MICROWAVE | 302 30"" 24"" 12"" W/ HOOD | 301 18"" 36"" 12"" 2 SHELVES | E. ON ALL ","PL-1 | PL-1 | PL-1 | 302 28"" 36"" 12"" 2 SHELVES | 308M 26"" 36"" 26"" L-SHAPED, 2 SHELVES | 186M 38"" 36"" SHELF | PL-1 | PL-1 | 186M 38"" 38"" 36"" SHELF | 152M 36"" 36"" 24"" TIP-OUT TRAYS | 308M 26"" 36"" 26"" L-SHAPED, 2 SHELVES | 302M 36"" 26"" 12"" LIGHT SKIRT | 301 12"" 36"" 12"" 2 SHELVES | 301 12"" 36"" 12"" 2 SHELVES | 326M 32"" 36"" 12"" MICROWAVE | 302 30"" 24"" 12"" W/ HOOD | 301 18"" 36"" 12"" 2 SHELVES | E. ON ALL "
A-421,Enlarged Plans Unit 2,Architectural,9,Countertops,Furnish & Install Sidesplashes For Countertops,Edge Profiles & Integrated Sinks,1,RIGHT,"Referenced text (""F. WHERE BACKSPLASHES ARE NOTED, PROVIDE SIDESPLASHES WHENEVER COUNTERTOPS ARE ADJACENT TO WALLS."") supports the item; matched terms: countertop, countertops, sidesplashe, sidesplashes.","F. WHERE BACKSPLASHES ARE NOTED, PROVIDE SIDESPLASHES WHENEVER COUNTERTOPS ARE ADJACENT TO WALLS.","F. WHERE BACKSPLASHES ARE NOTED, PROVIDE SIDESPLASHES WHENEVER COUNTERTOPS ARE ADJACENT TO WALLS."
A-421,Enlarged Plans Unit 2,Architectural,9,Plumbing,Furnish & Install — Plumbing Fixture Accessories and Trim,Plumbing Fixtures & Accessories,5,RIGHT,"[Manual review] Referenced tags (TS1 Tub Surround, SC1 Shower Caddy) are plumbing fixture accessories/trim per the specialty equipment schedule.",TS1 TUB SURROUND | SC1 SHWR CADDY | TS1 TUB SURROUND MIN | TS1 TUB SURROUND | SC1 SHWR CADDY,TS1 TUB SURROUND | SC1 SHWR CADDY | TS1 TUB SURROUND | TS1 TUB SURROUND | SC1 SHWR CADDY
A-421,Enlarged Plans Unit 2,Architectural,9,Plumbing,Furnish & Install — Plumbing Fixtures,Plumbing Fixtures & Accessories,4,NEEDS_REVIEW,"Region text (""SS-1 | SS-1 | SS-1 | SS-1"") does not obviously contain matching keywords for ""Furnish & Install — Plumbing Fixtures"" - verify by eye.",SS-1 | SS-1 | SS-1 | SS-1,SS-1 | SS-1 | SS-1 | SS-1
A-421,Enlarged Plans Unit 2,Architectural,9,Miscellaneous Metals,Furnish & Install Corner Guards,Corner & Wall Guards,4,RIGHT,"Referenced text (""CORNER GUARD | CORNER GUARD | CORNER GUARD | CORNER GUARD"") supports the item; matched terms: corner, guard.",CORNER GUARD | CORNER GUARD | CORNER GUARD | CORNER GUARD,CORNER GUARD | CORNER GUARD | CORNER GUARD | CORNER GUARD
A-425,Equipment Plans & Schedule,Architectural,10,Rough Carpentry,Furnish & Install Wood Blocking and Backing,Blocking and Backing,8,RIGHT,"Referenced text (""GB1 GRAB BAR GRAB BAR, 42"". CONTRACTOR TO PROVIDE BACKING X | GB3 GRAB BAR GRAB BAR TRANSFER SHOWER, CONTRACTOR TO PROVIDE BACKING X | GB3 | GB1 | GB1"") supports the item; matched terms: back, backing.","GB1 GRAB BAR GRAB BAR, 42"". CONTRACTOR TO PROVIDE BACKING X | GB3 GRAB BAR GRAB BAR TRANSFER SHOWER, CONTRACTOR TO PROVIDE BACKING X | GB3 | GB1 | GB1 | GB3 | GB1 | GB1","GB1 GRAB BAR GRAB BAR, 42"". CONTRACTOR TO PROVIDE BACKING X | GB3 GRAB BAR GRAB BAR TRANSFER SHOWER, CONTRACTOR TO PROVIDE BACKING X | GB3 | GB1 | GB1 | GB3 | GB1 | GB1"
A-425,Equipment Plans & Schedule,Architectural,10,Windows,Furnish & Install Vinyl Clad Windows,Vinyl Windows,3,WRONG,"[Manual review] Referenced text (""96 UNITS WT7"", ""84 UNITS WT6"", ""60 UNITS WT5"") is the unit-count callout from the site equipment plan legend (number of apartment units per building), unrelated to windows.",96 UNITS WT7 | 84 UNITS WT6 | 60 UNITS WT5,WT7 96 UNITS | WT6 84 UNITS | WT5 60 UNITS
A-425,Equipment Plans & Schedule,Architectural,10,Wall Finishes,Furnish & Install Cut To Fit Abs Tub Surround,Fiber-Reinforced Polymer (FRP) Wall Panels,5,RIGHT,"Referenced text (""TS1 TUB SURROUND CUT TO FIT ABS SURROUND, TUB TO CEILING. (NO FIBERGLASS) X | TS1 TUB SURROUND | TS1 TUB SURROUND | TS1 | TS1"") supports the item; matched terms: abs, cut, fit, surround, tub.","TS1 TUB SURROUND CUT TO FIT ABS SURROUND, TUB TO CEILING. (NO FIBERGLASS) X | TS1 TUB SURROUND | TS1 TUB SURROUND | TS1 | TS1","TS1 TUB SURROUND CUT TO FIT ABS SURROUND, TUB TO CEILING. (NO FIBERGLASS) X | TUB SURROUND | TUB SURROUND | TS1 | TS1"
A-425,Equipment Plans & Schedule,Architectural,10,Safety Specialties,Furnish & Install Fire Extinguishers And Cabinets,Fire Extinguishers & Cabinets,2,RIGHT,"Referenced text (""FE FIRE EXT. | FEC FIRE EXT CAB (1) ON EACH LEVEL = (3)"") supports the item; matched terms: fire.",FE FIRE EXT. | FEC FIRE EXT CAB (1) ON EACH LEVEL = (3),FIRE EXT. | FIRE EXT CAB (1) ON EACH LEVEL = (3)
A-425,Equipment Plans & Schedule,Architectural,10,Safety Specialties,Furnish & Install Shower And Tub Seats,Emergency Aid Devices,5,RIGHT,"Referenced text (""ST1 SHWR SEAT SHOWER OR TUB SEAT X | ST1 SHWR SEAT | ST1 SHWR SEAT | ST1 | ST1"") supports the item; matched terms: seat, shower, tub.",ST1 SHWR SEAT SHOWER OR TUB SEAT X | ST1 SHWR SEAT | ST1 SHWR SEAT | ST1 | ST1,ST1 SHWR SEAT SHOWER OR TUB SEAT X | SHWR SEAT | SHWR SEAT | ST1 | ST1
A-425,Equipment Plans & Schedule,Architectural,10,Storage Specialties,Furnish & Install Mailboxes,Postal Specialties,7,RIGHT,"[Manual review] Referenced text (""MB1 MAILBOX... 16 MAIL & 2 PACKAGES PER UNIT"") directly matches the item.","MB1 MAILBOX MAILBOX, 16 MAIL & 2 PACKAGES PER UNIT X | MB1 MAILBOX (6) (4) | MB1 MAILBOX (6) (4) | MB1 MAILBOX (6) | MB1 | MB1 | MB1","MB1 MAILBOX MAILBOX, 16 MAIL & 2 PACKAGES PER UNIT X | MAILBOX (6) | MAILBOX (4) | MAILBOX (6) | MB1 | MB1 | MB1"
A-425,Equipment Plans & Schedule,Architectural,10,Storage Specialties,Furnish & Install Shelving and Closet Rods,Others,29,RIGHT,"Referenced text (""CR2 CLST ROD CLOSET ROD, CHROME, FIXED ENDS X | CR2 CLST ROD | CR2 CLST ROD | CR2 CLST ROD | CR2 CLST ROD | CR2 CLST ROD | CR2 CLST ROD | CR2 CLST ROD"") supports the item; matched terms: closet.","CR2 CLST ROD CLOSET ROD, CHROME, FIXED ENDS X | CR2 CLST ROD | CR2 CLST ROD | CR2 CLST ROD | CR2 CLST ROD | CR2 CLST ROD | CR2 CLST ROD | CR2 CLST ROD | CR2 CLST ROD | CR2 CLST ROD | CR2 CLST ROD | CR2 CLST ROD | CR2 CLST ROD | CR2 CLST ROD | CR2 CLST ROD | CR2 | CR2 | CR2 | CR2 | CR2 | CR2 | CR2 | CR2 | CR2 | CR2 | CR2 | CR2 | CR2 | CR2","CR2 CLST ROD CLOSET ROD, CHROME, FIXED ENDS X | CLST ROD | CLST ROD | CLST ROD | CLST ROD | CLST ROD | CLST ROD | CLST ROD | CLST ROD | CLST ROD | CLST ROD | CLST ROD | CLST ROD | CLST ROD | CLST ROD | CR2 | CR2 | CR2 | CR2 | CR2 | CR2 | CR2 | CR2 | CR2 | CR2 | CR2 | CR2 | CR2 | CR2"
A-425,Equipment Plans & Schedule,Architectural,10,Residential Equipment,Furnish & Install Range Hood,Residential Appliances,7,RIGHT,"Referenced text (""RH1 RANGE HOOD GE STANDARD RANGE HOOD, WHITE, JN327HWW X | RH1 RANGE HOOD | RH1 RANGE HOOD | RH1 RANGE HOOD | RH1 RANGE HOOD | RH1 | RH1"") supports the item; matched terms: hood, range.","RH1 RANGE HOOD GE STANDARD RANGE HOOD, WHITE, JN327HWW X | RH1 RANGE HOOD | RH1 RANGE HOOD | RH1 RANGE HOOD | RH1 RANGE HOOD | RH1 | RH1","RH1 RANGE HOOD GE STANDARD RANGE HOOD, WHITE, JN327HWW X | RANGE HOOD | RH1 | RANGE HOOD | RH1 | RH1 | RH1"
A-425,Equipment Plans & Schedule,Architectural,10,Residential Equipment,Furnish & Install Oven/Range,Residential Appliances,10,RIGHT,"Referenced text (""OV1 OVEN/RANGE GE 30""W x 36""H FREE-STANDING ELECTRIC RANGE, WHITE, JB256DMWW X | OV2 OVEN/RANGE GE 30""W x 34""H FREE-STANDING ELECTRIC RANGE, ADA COMPL"") supports the item; matched terms: oven, range.","OV1 OVEN/RANGE GE 30""W x 36""H FREE-STANDING ELECTRIC RANGE, WHITE, JB256DMWW X | OV2 OVEN/RANGE GE 30""W x 34""H FREE-STANDING ELECTRIC RANGE, ADA COMPLIANT, WHITE X | OV1 OVEN/RANGE | OV2 OVEN/RANGE | OV1 OVEN/RANGE | OV2 OVEN/RANGE | OV1 | OV2 | OV1 | OV2","OV1 OVEN/RANGE GE 30""W x 36""H FREE-STANDING ELECTRIC RANGE, WHITE, JB256DMWW X | OV2 OVEN/RANGE GE 30""W x 34""H FREE-STANDING ELECTRIC RANGE, ADA COMPLIANT, WHITE X | OVEN/RANGE | OVEN/RANGE | OVEN/RANGE | OVEN/RANGE | OV1 | OV2 | OV1 | OV2"
A-425,Equipment Plans & Schedule,Architectural,10,Residential Equipment,Furnish & Install Microwave,Residential Appliances,6,RIGHT,"Referenced text (""MW1 MICROWAVE | MW1 MICROWAVE | MW | MW | MW | MW1 MICROWAVE"") supports the item; matched terms: microwave.",MW1 MICROWAVE | MW1 MICROWAVE | MW | MW | MW | MW1 MICROWAVE,MICROWAVE | MICROWAVE | MW | MW | MW | MICROWAVE
A-425,Equipment Plans & Schedule,Architectural,10,Residential Equipment,Furnish & Install Dishwasher,Residential Appliances,10,RIGHT,"Referenced text (""DW1 DISHWASHER GE DISHWASHER WITH FRONT CONTROLS, WHITE, GDF450PGRWW X | DW2 DISHWASHER GE DISHWASHER WITH HIDDEN CONTROLS, ADA COMPLIANT, WHITE, GDT2"") supports the item; matched terms: dishwasher.","DW1 DISHWASHER GE DISHWASHER WITH FRONT CONTROLS, WHITE, GDF450PGRWW X | DW2 DISHWASHER GE DISHWASHER WITH HIDDEN CONTROLS, ADA COMPLIANT, WHITE, GDT225SGLWW X | DW1 DISHWASHER | DW2 DISHWASHER | DW1 DISHWASHER | DW2 DISHWASHER | DW1 | DW2 | DW1 | DW2","DW1 DISHWASHER GE DISHWASHER WITH FRONT CONTROLS, WHITE, GDF450PGRWW X | DW2 DISHWASHER GE DISHWASHER WITH HIDDEN CONTROLS, ADA COMPLIANT, WHITE, GDT225SGLWW X | DISHWASHER | DISHWASHER | DISHWASHER | DISHWASHER | DW1 | DW2 | DW1 | DW2"
A-425,Equipment Plans & Schedule,Architectural,10,Residential Equipment,Furnish & Install Garbage Disposal,Residential Appliances,9,RIGHT,"Referenced text (""GD1 DISPOSAL 3/4 HP STANDARD SERIES WALL SWITCH X | GD1 DISPOSAL | GD1 DISPOSAL | GD1 DISPOSAL | GD1 DISPOSAL | GD1 | GD1 | GD1 | GD1"") supports the item; matched terms: disposal.",GD1 DISPOSAL 3/4 HP STANDARD SERIES WALL SWITCH X | GD1 DISPOSAL | GD1 DISPOSAL | GD1 DISPOSAL | GD1 DISPOSAL | GD1 | GD1 | GD1 | GD1,GD1 DISPOSAL 3/4 HP STANDARD SERIES WALL SWITCH X | DISPOSAL | DISPOSAL | DISPOSAL | DISPOSAL | GD1 | GD1 | GD1 | GD1
A-425,Equipment Plans & Schedule,Architectural,10,Residential Equipment,Furnish & Install Refrigerator,Residential Appliances,9,RIGHT,"Referenced text (""FR1 FRIDGE GE 21.9 CU.FT. TOP-FREEZER REFRIGERATOR, WHITE, GTS22KGNWW X | FR1 FRIDGE | FR1 FRIDGE | FR1 FRIDGE | FR1 FRIDGE | FR1 | FR1 | FR1 | FR1"") supports the item; matched terms: refrigerator.","FR1 FRIDGE GE 21.9 CU.FT. TOP-FREEZER REFRIGERATOR, WHITE, GTS22KGNWW X | FR1 FRIDGE | FR1 FRIDGE | FR1 FRIDGE | FR1 FRIDGE | FR1 | FR1 | FR1 | FR1","FR1 FRIDGE GE 21.9 CU.FT. TOP-FREEZER REFRIGERATOR, WHITE, GTS22KGNWW X | FRIDGE | FRIDGE | FRIDGE | FRIDGE | FR1 | FR1 | FR1 | FR1"
A-425,Equipment Plans & Schedule,Architectural,10,Residential Equipment,Refer to the Residential Equipment schedules,Schedules,1,RIGHT,"Referenced text (""GENERAL INFORMATION PROVISIONS MARK EQUIPMENT DESCRIPTION COMMENTS CFCI OFCI OFOI TENANT BR1 BIKE RACK HANGING BIKE RACK X BR2 BIKE RACK IN GROUND MOU"") supports the item; matched terms: equipment.","GENERAL INFORMATION PROVISIONS MARK EQUIPMENT DESCRIPTION COMMENTS CFCI OFCI OFOI TENANT BR1 BIKE RACK HANGING BIKE RACK X BR2 BIKE RACK IN GROUND MOUNTED U-SHAPED BIKE RACK X CR1 CURTAIN ROD BASIS OF DESIGN: KOHLER EXPANSE K-9350-SN VIBRANT POLISHED NICKEL. FIXED ENDS. SHOWER AND BATHTUB LOCATIONS. SEE INTEIROR ELEVATIONS FOR MOUNTING HEIGHTS X CR2 CLST ROD CLOSET ROD, CHROME, FIXED ENDS X DR1 DR",Specialty Equipment Schedule
A-425,Equipment Plans & Schedule,Architectural,10,Window Treatments,Furnish & Install Window Shades,Roller Shades,57,RIGHT,"Referenced text (""WS1 SHADE WINDOW SHADE, ~2'-3 1/2'W X | WS2 SHADE WINDOW SHADE, ~2'-5 1/2'W X | WS3 SHADE WINDOW SHADE, ~3'-1 1/2'W X | WS4 SHADE WINDOW SHADE, ~4'-5 "") supports the item; matched terms: shade, window.","WS1 SHADE WINDOW SHADE, ~2'-3 1/2'W X | WS2 SHADE WINDOW SHADE, ~2'-5 1/2'W X | WS3 SHADE WINDOW SHADE, ~3'-1 1/2'W X | WS4 SHADE WINDOW SHADE, ~4'-5 1/2'W X | WS1 SHADE | WS1 SHADE | WS1 SHADE | WS4 SHADE | WS4 SHADE | WS2 SHADE | WS2 SHADE | WHERE WINDOW EXISTS | WS1 SHADE | WS1 SHADE | WS1 SHADE | WS4 SHADE | WS4 SHADE | WS1 SHADE | WS1 SHADE | WS1 SHADE | WS4 SHADE | WS4 SHADE | WS3 SHADE | WS","WS1 SHADE WINDOW SHADE, ~2'-3 1/2'W X | WS2 SHADE WINDOW SHADE, ~2'-5 1/2'W X | WS3 SHADE WINDOW SHADE, ~3'-1 1/2'W X | WS4 SHADE WINDOW SHADE, ~4'-5 1/2'W X | SHADE | SHADE | SHADE | SHADE | SHADE | SHADE | SHADE | WHERE WINDOW EXISTS | SHADE | SHADE | SHADE | SHADE | SHADE | SHADE | SHADE | SHADE | SHADE | SHADE | SHADE | SHADE | SHADE | SHADE | SHADE | SHADE | SHADE | SHADE | SHADE | WS1 | WS1 "
A-425,Equipment Plans & Schedule,Architectural,10,Furnishings and Accessories,Furnish & Install Curtain Rods,Others,9,RIGHT,"Referenced text (""CR1 CURTAIN ROD BASIS OF DESIGN: KOHLER EXPANSE K-9350-SN VIBRANT POLISHED NICKEL. FIXED ENDS. SHOWER AND BATHTUB LOCATIONS. SEE INTEIROR ELEVATIONS F"") supports the item; matched terms: curtain.",CR1 CURTAIN ROD BASIS OF DESIGN: KOHLER EXPANSE K-9350-SN VIBRANT POLISHED NICKEL. FIXED ENDS. SHOWER AND BATHTUB LOCATIONS. SEE INTEIROR ELEVATIONS FOR MOUNTING HEIGHTS X | CR1 CURTAIN ROD | CR1 CURTAIN ROD | CR1 CURTAIN ROD | TOWEL HOOK CR1 CURTAIN ROD | CR1 | CR1 | CR1 | TOWEL HOOK CR1,CR1 CURTAIN ROD BASIS OF DESIGN: KOHLER EXPANSE K-9350-SN VIBRANT POLISHED NICKEL. FIXED ENDS. SHOWER AND BATHTUB LOCATIONS. SEE INTEIROR ELEVATIONS FOR MOUNTING HEIGHTS X | CURTAIN ROD | CURTAIN ROD | CURTAIN ROD | CURTAIN ROD | CR1 | CR1 | CR1 | CR1
A-425,Equipment Plans & Schedule,Architectural,10,Furnishings and Accessories,Furnish & Install Shower Caddies,Others,9,RIGHT,"[Manual review] Referenced text (""SC1 SHWR CADDY, BASIS OF DESIGN: BCI SURROUND, FOUR SHELF CADDY"") directly matches the item.","SC1 SHWR CADDY BASIS OF DESIGN: BCI SURROUND, FOUR SHELF CADDY X | SC1 SHWR CADDY | SC1 SHWR CADDY | SC1 SHWR CADDY | SC1 SHWR CADDY | SC1 | SC1 | SC1 | SC1","SC1 SHWR CADDY BASIS OF DESIGN: BCI SURROUND, FOUR SHELF CADDY X | SHWR CADDY | SHWR CADDY | SHWR CADDY | SHWR CADDY | SC1 | SC1 | SC1 | SC1"
A-425,Equipment Plans & Schedule,Architectural,10,Furnishings and Accessories,Furnish & Install Toilet Paper Holders,Others,9,RIGHT,"Referenced text (""TP1 TP HOLDER BASIS OF DESIGN: KOHLER PARALLEL K-23528-CP POLISHED CHROME. MOUNTING HEIGHT: 30"" AFF X | TP1 TP HOLDER | TP1 TP HOLDER | TP1 TP HOLDER "") supports the item; matched terms: holder.","TP1 TP HOLDER BASIS OF DESIGN: KOHLER PARALLEL K-23528-CP POLISHED CHROME. MOUNTING HEIGHT: 30"" AFF X | TP1 TP HOLDER | TP1 TP HOLDER | TP1 TP HOLDER | TP1 TP HOLDER | TP1 | TP1 | TP1 | TP1","TP1 TP HOLDER BASIS OF DESIGN: KOHLER PARALLEL K-23528-CP POLISHED CHROME. MOUNTING HEIGHT: 30"" AFF X | TP HOLDER | TP HOLDER | TP HOLDER | TP HOLDER | TP1 | TP1 | TP1 | TP1"
A-425,Equipment Plans & Schedule,Architectural,10,Furnishings and Accessories,Furnish & Install Mirrors,Others,9,RIGHT,"Referenced text (""MR1 MIRROR 28""W X 36""H FRAMELESS, CAULKED EDGE X | MR1 MIRROR | MR1 MIRROR | MR1 MIRROR | MR1 MIRROR | MR1 | MR1 | MR1 | MR1"") supports the item; matched terms: mirror.","MR1 MIRROR 28""W X 36""H FRAMELESS, CAULKED EDGE X | MR1 MIRROR | MR1 MIRROR | MR1 MIRROR | MR1 MIRROR | MR1 | MR1 | MR1 | MR1","MR1 MIRROR 28""W X 36""H FRAMELESS, CAULKED EDGE X | MIRROR | MIRROR | MIRROR | MIRROR | MR1 | MR1 | MR1 | MR1"
A-425,Equipment Plans & Schedule,Architectural,10,Furnishings and Accessories,Furnish & Install Towel Rings,Others,9,RIGHT,"Referenced text (""TR1 TOWEL RING BASIS OF DESIGN: KOHLER TONE K-27428-CP POLISHED CHROME. MOUNTING HEIGHT: 24"" ABOVE COUNTERTOP X | TR1 TOWEL RING | TR1 TOWEL RING | TR"") supports the item; matched terms: ring, towel.","TR1 TOWEL RING BASIS OF DESIGN: KOHLER TONE K-27428-CP POLISHED CHROME. MOUNTING HEIGHT: 24"" ABOVE COUNTERTOP X | TR1 TOWEL RING | TR1 TOWEL RING | TR1 TOWEL RING | TR1 TOWEL RING | TR1 | TR1 | TR1 | TR1","TR1 TOWEL RING BASIS OF DESIGN: KOHLER TONE K-27428-CP POLISHED CHROME. MOUNTING HEIGHT: 24"" ABOVE COUNTERTOP X | TOWEL RING | TOWEL RING | TOWEL RING | TOWEL RING | TR1 | TR1 | TR1 | TR1"
A-425,Equipment Plans & Schedule,Architectural,10,Furnishings and Accessories,Furnish & Install Towel Hooks,Others,7,RIGHT,"Referenced text (""TH1 TOWEL HOOK BASIS OF DESIGN: KOHLER PARALLEL K-23529-CP POLISHED CHROME. MOUNTING HEIGHT: 48"" AFF X | TH1 TOWEL HOOK | TH1 TOWEL HOOK CR1 | TH1 TOW"") supports the item; matched terms: hook, towel.","TH1 TOWEL HOOK BASIS OF DESIGN: KOHLER PARALLEL K-23529-CP POLISHED CHROME. MOUNTING HEIGHT: 48"" AFF X | TH1 TOWEL HOOK | TH1 TOWEL HOOK CR1 | TH1 TOWEL HOOK | TH1 | TH1 | TH1","TH1 TOWEL HOOK BASIS OF DESIGN: KOHLER PARALLEL K-23529-CP POLISHED CHROME. MOUNTING HEIGHT: 48"" AFF X | TOWEL HOOK | TOWEL HOOK | TH1 TOWEL HOOK | TH1 | TH1 | TH1"
A-425,Equipment Plans & Schedule,Architectural,10,Site Improvements,Furnish & Install — Bike Racks,Site Furnishings (Fixed),14,RIGHT,"Referenced text (""BR1 BIKE RACK HANGING BIKE RACK X | BR2 BIKE RACK IN GROUND MOUNTED U-SHAPED BIKE RACK X | BR1 BIKE RACK | BR1 BIKE RACK | BR2 BIKE RACK | BR1 BIKE RA"") supports the item; matched terms: bike, rack, racks.","BR1 BIKE RACK HANGING BIKE RACK X | BR2 BIKE RACK IN GROUND MOUNTED U-SHAPED BIKE RACK X | BR1 BIKE RACK | BR1 BIKE RACK | BR2 BIKE RACK | BR1 BIKE RACK | BR1 BIKE RACK | BASIS OF DESIGN: THEPARK AND FACILITIES, DOUBLEUP SINGLE SIDED BIKE RACK, MODEL 398-4002 (4 RACKS) | BASIS OF DESIGN: THE RAMBLER WIDE BIKE RACK, SURFACE-MOUNTED | BR1 | BR1 | BR2 | BR1 | BR1","BR1 BIKE RACK HANGING BIKE RACK X | BR2 BIKE RACK IN GROUND MOUNTED U-SHAPED BIKE RACK X | BIKE RACK | BIKE RACK | BIKE RACK | BIKE RACK | BIKE RACK | BASIS OF DESIGN: THEPARK AND FACILITIES, DOUBLEUP SINGLE SIDED BIKE RACK, MODEL 398-4002 (4 RACKS) | BASIS OF DESIGN: THE RAMBLER WIDE BIKE RACK, SURFACE-MOUNTED | BR1 | BR1 | BR2 | BR1 | BR1"
A-425,Equipment Plans & Schedule,Architectural,10,Communications,Furnish & Install — Infrastructure for Intermediate Distribution Frame (IDF) Rooms,Data Network Equipment,2,RIGHT,"Referenced text (""IDF 4000 | WHERE IDF ROOM EXISTS"") supports the item; matched terms: idf, room.",IDF 4000 | WHERE IDF ROOM EXISTS,IDF 4000 | WHERE IDF ROOM EXISTS
A-425,Equipment Plans & Schedule,Architectural,10,Electronic Safety and Security,Furnish & Install Knox Box for Emergency Access,Access Control,3,RIGHT,"Referenced text (""KX1 KNOX KNOX BOX X | KX1 KNOX | KX1"") supports the item; matched terms: box, knox.",KX1 KNOX KNOX BOX X | KX1 KNOX | KX1,KX1 KNOX KNOX BOX X | KNOX | KX1
A-425,Equipment Plans & Schedule,Architectural,10,Miscellaneous Metals,Furnish & Install Grab Bars,Emergency Aid Devices,6,RIGHT,"Referenced text (""GB3 GRAB BAR | GB1 GRAB BAR | GB1 GRAB BAR | GB3 GRAB BAR | GB1 GRAB BAR | GB1 GRAB BAR"") supports the item; matched terms: grab.",GB3 GRAB BAR | GB1 GRAB BAR | GB1 GRAB BAR | GB3 GRAB BAR | GB1 GRAB BAR | GB1 GRAB BAR,GRAB BAR | GRAB BAR | GRAB BAR | GRAB BAR | GRAB BAR | GRAB BAR
A-602,Door & Window Details,Architectural,11,Masonry,Furnish & Install Brick Veneer System,Brick Veneer,4,RIGHT,"Referenced text (""BRICK FINISH | BRICK FINISH | BRICK FINISH | BRICK VENEER"") supports the item; matched terms: brick, veneer.",BRICK FINISH | BRICK FINISH | BRICK FINISH | BRICK VENEER,BRICK FINISH | BRICK FINISH | BRICK FINISH | BRICK VENEER
A-602,Door & Window Details,Architectural,11,Masonry,Furnish & Install Masonry Weep Vents,Masonry Accessories,1,RIGHT,"Referenced text (""MASONRY WEEPS @ 24"" O.C. MINIMUM"") supports the item; matched terms: masonry, weep.","MASONRY WEEPS @ 24"" O.C. MINIMUM","MASONRY WEEPS @ 24"" O.C. MINIMUM"
A-602,Door & Window Details,Architectural,11,Masonry,Furnish & Install Brick Soldier Course,Brick Veneer,1,RIGHT,"Referenced text (""BRICK VENEER, SOLDIER COURSE"") supports the item; matched terms: brick, course, soldier, veneer.","BRICK VENEER, SOLDIER COURSE","BRICK VENEER, SOLDIER COURSE"
A-602,Door & Window Details,Architectural,11,Rough Carpentry,Furnish & Install Wood Framing,Wood Framing,17,RIGHT,"Referenced text (""HEADER PER STRUCTURAL PLANS | HEADER PER STRUCTURAL PLANS | HEADER PER STRUCTURAL PLANS | HEADER PER STRUCTURAL PLANS | HEADER PER STRUCTURAL PLANS | "") supports the item; matched terms: fram, framing.","HEADER PER STRUCTURAL PLANS | HEADER PER STRUCTURAL PLANS | HEADER PER STRUCTURAL PLANS | HEADER PER STRUCTURAL PLANS | HEADER PER STRUCTURAL PLANS | JAMB STUD PER STRUCTURAL PLANS | JAMB STUD PER STRUCTURAL PLANS | JAMB STUD PER STRUCTURAL PLANS | JAMB STUD PER STRUCTURAL PLANS | JAMB STUD PER STRUCTURAL PLANS | HEADER PER STRUCTURAL PLANS | SILL PLATE & CRIPPLE STUDS PER WALL TYPE, SEE FLOOR PLA","HEADER PER STRUCTURAL PLANS | HEADER PER STRUCTURAL PLANS | HEADER PER STRUCTURAL PLANS | HEADER PER STRUCTURAL PLANS | HEADER PER STRUCTURAL PLANS | JAMB STUD PER STRUCTURAL PLANS | JAMB STUD PER STRUCTURAL PLANS | JAMB STUD PER STRUCTURAL PLANS | JAMB STUD PER STRUCTURAL PLANS | JAMB STUD PER STRUCTURAL PLANS | HEADER PER STRUCTURAL PLANS | SILL PLATE & CRIPPLE STUDS PER WALL TYPE, SEE FLOOR PLA"
A-602,Door & Window Details,Architectural,11,Rough Carpentry,Furnish & Install Fasteners,Others,1,RIGHT,"[Manual review] Referenced text (""HOT-DIP GALV. RING SHANK NAIL @ 12\"" O.C."") is a fastener specification, matching the item.","HOT-DIP GALV. RING SHANK NAIL @ 12"" O.C.","HOT-DIP GALV. RING SHANK NAIL @ 12"" O.C."
A-602,Door & Window Details,Architectural,11,Rough Carpentry,Furnish & Install Structural Sheathing,Sheathing,1,NEEDS_REVIEW,"Region text (""EXTERIOR WALL SUBSTRATE"") does not obviously contain matching keywords for ""Furnish & Install Structural Sheathing"" - verify by eye.",EXTERIOR WALL SUBSTRATE,EXTERIOR WALL SUBSTRATE
A-602,Door & Window Details,Architectural,11,Dampproofing and Waterproofing,"Furnish & Install Mechanically Fastened, Vapor Permeable Air And Water Barrier",Others,5,RIGHT,"Referenced text (""MECHANICALLY FASTENED MEMBRANE AIR AND WATER BARRIER, VAPOR PERMEABLE | MECHANICALLY FASTENED MEMBRANE AIR AND WATER BARRIER, VAPOR PERMEABLE | MECHAN"") supports the item; matched terms: air, barrier, fastened, mechanically, permeable, vapor, water.","MECHANICALLY FASTENED MEMBRANE AIR AND WATER BARRIER, VAPOR PERMEABLE | MECHANICALLY FASTENED MEMBRANE AIR AND WATER BARRIER, VAPOR PERMEABLE | MECHANICALLY FASTENED MEMBRANE AIR AND WATER BARRIER, VAPOR PERMEABLE | MECHANICALLY FASTENED MEMBRANE AIR AND WATER BARRIER, VAPOR PERMEABLE | MECHANICALLY FASTENED MEMBRANE AIR AND WATER BARRIER, VAPOR PERMEABLE","MECHANICALLY FASTENED MEMBRANE AIR AND WATER BARRIER, VAPOR PERMEABLE | MECHANICALLY FASTENED MEMBRANE AIR AND WATER BARRIER, VAPOR PERMEABLE | MECHANICALLY FASTENED MEMBRANE AIR AND WATER BARRIER, VAPOR PERMEABLE | MECHANICALLY FASTENED MEMBRANE AIR AND WATER BARRIER, VAPOR PERMEABLE | MECHANICALLY FASTENED MEMBRANE AIR AND WATER BARRIER, VAPOR PERMEABLE"
A-602,Door & Window Details,Architectural,11,Dampproofing and Waterproofing,Furnish & Install Weather Resistant Barrier (WRB),Others,4,RIGHT,"Referenced text (""WEATHER RESISTANT BARRIER (WRB) | WEATHER RESISTANT BARRIER (WRB) | WEATHER RESISTANT BARRIER (WRB) | WEATHER RESISTANT BARRIER (WRB)"") supports the item; matched terms: barrier, resistant, weather, wrb.",WEATHER RESISTANT BARRIER (WRB) | WEATHER RESISTANT BARRIER (WRB) | WEATHER RESISTANT BARRIER (WRB) | WEATHER RESISTANT BARRIER (WRB),WEATHER RESISTANT BARRIER (WRB) | WEATHER RESISTANT BARRIER (WRB) | WEATHER RESISTANT BARRIER (WRB) | WEATHER RESISTANT BARRIER (WRB)
A-602,Door & Window Details,Architectural,11,Thermal Protection,Furnish & Install Thermal Batt Insulation,Batt Insulation,9,RIGHT,"Referenced text (""R-21 BATT INSULATION | R-21 BATT INSULATION | R-21 BATT INSULATION | R-21 BATT INSULATION | R-21 BATT INSULATION | R-21 BATT INSULATION | R-21 BATT IN"") supports the item; matched terms: batt, insulation.",R-21 BATT INSULATION | R-21 BATT INSULATION | R-21 BATT INSULATION | R-21 BATT INSULATION | R-21 BATT INSULATION | R-21 BATT INSULATION | R-21 BATT INSULATION | R-21 BATT INSULATION | R-21 BATT INSULATION,R-21 BATT INSULATION | R-21 BATT INSULATION | R-21 BATT INSULATION | R-21 BATT INSULATION | R-21 BATT INSULATION | R-21 BATT INSULATION | R-21 BATT INSULATION | R-21 BATT INSULATION | R-21 BATT INSULATION
A-602,Door & Window Details,Architectural,11,Thermal Protection,Furnish & Install Mineral Wool Insulation,Rigid Insulation,11,RIGHT,"Referenced text (""1-1/4"" MINERAL WOOL INSULATION | 1-1/4"" MINERAL WOOL INSULATION | 1-1/4"" MINERAL WOOL INSULATION | 1-1/4"" MINERAL WOOL INSULATION | 1-1/4"" MINERAL WOO"") supports the item; matched terms: insulation, mineral, wool.","1-1/4"" MINERAL WOOL INSULATION | 1-1/4"" MINERAL WOOL INSULATION | 1-1/4"" MINERAL WOOL INSULATION | 1-1/4"" MINERAL WOOL INSULATION | 1-1/4"" MINERAL WOOL INSULATION | 1-1/4"" MINERAL WOOL INSULATION | 1-1/4"" MINERAL WOOL INSULATION | 1-1/4"" MINERAL WOOL INSULATION | 1-1/4"" MINERAL WOOL INSULATION | 1-1/4"" MINERAL WOOL INSULATION | 1-1/4"" MINERAL WOOL INSULATION","1-1/4"" MINERAL WOOL INSULATION | 1-1/4"" MINERAL WOOL INSULATION | 1-1/4"" MINERAL WOOL INSULATION | 1-1/4"" MINERAL WOOL INSULATION | 1-1/4"" MINERAL WOOL INSULATION | 1-1/4"" MINERAL WOOL INSULATION | 1-1/4"" MINERAL WOOL INSULATION | 1-1/4"" MINERAL WOOL INSULATION | 1-1/4"" MINERAL WOOL INSULATION | 1-1/4"" MINERAL WOOL INSULATION | 1-1/4"" MINERAL WOOL INSULATION"
A-602,Door & Window Details,Architectural,11,Thermal Protection,Furnish & Install Acoustic Batt Insulation,Batt Insulation,4,RIGHT,"[Manual review] Referenced text (""SOUND ATTENUATION BLANKET; WHERE OCCURS, SEE WALL TYPES"") is the project's term for acoustic batt insulation, matching the item.","SOUND ATTENUATION BLANKET; WHERE OCCURS, SEE WALL TYPES | SOUND ATTENUATION BLANKET; WHERE OCCURS, SEE WALL TYPES | SOUND ATTENUATION BLANKET; WHERE OCCURS, SEE WALL TYPES | SOUND ATTENUATION BLANKET; WHERE OCCURS, SEE WALL TYPES","SOUND ATTENUATION BLANKET; WHERE OCCURS, SEE WALL TYPES | SOUND ATTENUATION BLANKET; WHERE OCCURS, SEE WALL TYPES | SOUND ATTENUATION BLANKET; WHERE OCCURS, SEE WALL TYPES | SOUND ATTENUATION BLANKET; WHERE OCCURS, SEE WALL TYPES"
A-602,Door & Window Details,Architectural,11,Thermal Protection,Furnish & Install Rigid Insulation,Rigid Insulation,1,RIGHT,"Referenced text (""RIDGED INSULATION"") supports the item; matched terms: insulation.",RIDGED INSULATION,RIDGED INSULATION
A-602,Door & Window Details,Architectural,11,Thermal Protection,Furnish & Install Weather Resistant Barrier,Others,1,RIGHT,"Referenced text (""WEATHER RESISTANT BARRIER (WRB)"") supports the item; matched terms: barrier, resistant, weather.",WEATHER RESISTANT BARRIER (WRB),WEATHER RESISTANT BARRIER (WRB)
A-602,Door & Window Details,Architectural,11,Membrane Roofing,Furnish & Install Self-Adhered Single-Ply Roofing Membrane,Others,1,RIGHT,"Referenced text (""SINGLE PLY ROOF, SEE ROOF PLAN FOR ASSEMBLY TYPE"") supports the item; matched terms: roof.","SINGLE PLY ROOF, SEE ROOF PLAN FOR ASSEMBLY TYPE","SINGLE PLY ROOF, SEE ROOF PLAN FOR ASSEMBLY TYPE"
A-602,Door & Window Details,Architectural,11,Roofing and Siding Panels,Furnish & Install Horizontal Composite Siding,Fiber Cement Siding,4,RIGHT,"Referenced text (""COMPOSITE SIDING - HORIZONTAL (CS-2) | COMPOSITE SIDING - HORIZONTAL (CS-2) | COMPOSITE SIDING - HORIZONTAL (CS-2) | COMPOSITE SIDING - HORIZONTAL (CS"") supports the item; matched terms: composite, horizontal, sid, siding.",COMPOSITE SIDING - HORIZONTAL (CS-2) | COMPOSITE SIDING - HORIZONTAL (CS-2) | COMPOSITE SIDING - HORIZONTAL (CS-2) | COMPOSITE SIDING - HORIZONTAL (CS-2),COMPOSITE SIDING - HORIZONTAL (CS-2) | COMPOSITE SIDING - HORIZONTAL (CS-2) | COMPOSITE SIDING - HORIZONTAL (CS-2) | COMPOSITE SIDING - HORIZONTAL (CS-2)
A-602,Door & Window Details,Architectural,11,Roofing and Siding Panels,Furnish & Install Vertical Composite Siding,Fiber Cement Siding,2,RIGHT,"Referenced text (""COMPOSITE SIDING - VERTICAL (CS-1) | COMPOSITE SIDING - VERTICAL (CS-1)"") supports the item; matched terms: composite, sid, siding, vertical.",COMPOSITE SIDING - VERTICAL (CS-1) | COMPOSITE SIDING - VERTICAL (CS-1),COMPOSITE SIDING - VERTICAL (CS-1) | COMPOSITE SIDING - VERTICAL (CS-1)
A-602,Door & Window Details,Architectural,11,Flashing and Sheet Metal,Furnish & Install Self-Adhered and Flexible Flashing Membrane,Others,6,RIGHT,"Referenced text (""FLASHING MEMBRANE | FLASHING MEMBRANE | FLASHING MEMBRANE | FLASHING MEMBRANE | SELF ADHERED FLASHING MEMBRANE | SILL FLASHING"") supports the item; matched terms: flash, flashing, membrane.",FLASHING MEMBRANE | FLASHING MEMBRANE | FLASHING MEMBRANE | FLASHING MEMBRANE | SELF ADHERED FLASHING MEMBRANE | SILL FLASHING,FLASHING MEMBRANE | FLASHING MEMBRANE | FLASHING MEMBRANE | FLASHING MEMBRANE | SELF ADHERED FLASHING MEMBRANE | SILL FLASHING
A-602,Door & Window Details,Architectural,11,Flashing and Sheet Metal,Furnish & Install Break Metal Trim,Others,12,RIGHT,"Referenced text (""BREAK-METAL JAMB WINDOW TRIM OVER RIGID INSULATION | BRAKE-METAL WINDOW TRIM ASSEMBLY, SEE DETAIL A5/A602 | BRAKE-METAL WINDOW TRIM ASSEMBLY, SEE DETA"") supports the item; matched terms: break, metal, trim.","BREAK-METAL JAMB WINDOW TRIM OVER RIGID INSULATION | BRAKE-METAL WINDOW TRIM ASSEMBLY, SEE DETAIL A5/A602 | BRAKE-METAL WINDOW TRIM ASSEMBLY, SEE DETAIL A5/A602 | BRAKE-METAL WINDOW TRIM ASSEMBLY, SEE DETAIL A5/A602 | BRAKE-METAL WINDOW TRIM ASSEMBLY, SEE DETAIL A5/A602 | BRAKE-METAL WINDOW TRIM ASSEMBLY, SEE DETAIL A5/A602 | BRAKE-METAL WINDOW TRIM ASSEMBLY, SEE DETAIL A5/A602 | BRAKE-METAL WINDO","BREAK-METAL JAMB WINDOW TRIM OVER RIGID INSULATION | BRAKE-METAL WINDOW TRIM ASSEMBLY, SEE DETAIL A5/A602 | BRAKE-METAL WINDOW TRIM ASSEMBLY, SEE DETAIL A5/A602 | BRAKE-METAL WINDOW TRIM ASSEMBLY, SEE DETAIL A5/A602 | BRAKE-METAL WINDOW TRIM ASSEMBLY, SEE DETAIL A5/A602 | BRAKE-METAL WINDOW TRIM ASSEMBLY, SEE DETAIL A5/A602 | BRAKE-METAL WINDOW TRIM ASSEMBLY, SEE DETAIL A5/A602 | BRAKE-METAL WINDO"
A-602,Door & Window Details,Architectural,11,Flashing and Sheet Metal,Furnish & Install Flashing Installation Accessories,Others,2,RIGHT,"[Manual review] Referenced text (""POP-RIVET AT TOP AND BOTTOM / 18\"" O.C."", ""OPEN HEM SLIP JOINT"") are flashing/trim installation accessory details, matching the item.","POP-RIVET AT TOP AND BOTTOM / 18"" O.C. | OPEN HEM SLIP JOINT","POP-RIVET AT TOP AND BOTTOM / 18"" O.C. | OPEN HEM SLIP JOINT"
A-602,Door & Window Details,Architectural,11,Joint Sealants,Furnish & Install General Purpose Exterior Sealant,Exterior Sealants,9,RIGHT,"Referenced text (""SEALANT JOINT | 1/4""TYP. | CONTINUOUS SEALANT | 1/4""TYP. | JOINT SEALANT PER SIDING MANUFACTURER | JOINT SEALANT PER SIDING MANUFACTURER | MAX. 1/2"". "") supports the item; matched terms: sealant.","SEALANT JOINT | 1/4""TYP. | CONTINUOUS SEALANT | 1/4""TYP. | JOINT SEALANT PER SIDING MANUFACTURER | JOINT SEALANT PER SIDING MANUFACTURER | MAX. 1/2"". | JOINT SEALANT PER SIDING MANUFACTURER | JOINT SEALANT PER SIDING MANUFACTURER","SEALANT JOINT | 1/4""TYP. | CONTINUOUS SEALANT | 1/4""TYP. | JOINT SEALANT PER SIDING MANUFACTURER | JOINT SEALANT PER SIDING MANUFACTURER | 1/2"". MAX. | JOINT SEALANT PER SIDING MANUFACTURER | JOINT SEALANT PER SIDING MANUFACTURER"
A-602,Door & Window Details,Architectural,11,Joint Sealants,Furnish & Install Interior Sealant at Finishes,Interior Sealants,2,RIGHT,"[Manual review] Referenced text (""CAULK FRAME TO GYP. BD. JOINT, TYP."") describes a sealant/caulk joint, matching the item.","CAULK FRAME TO GYP. BD. JOINT, TYP. | CAULK FRAME TO GYP. BD. JOINT, TYP. ALL SIDES","CAULK FRAME TO GYP. BD. JOINT, TYP. | CAULK FRAME TO GYP. BD. JOINT, TYP. ALL SIDES"
A-602,Door & Window Details,Architectural,11,"Doors, Frames & Hardware",Furnish & Install Hollow Metal Door Frames,Hollow Metal Doors and Frames,5,RIGHT,"Referenced text (""HM DOOR HEAD, SEE FLOOR PLAN FOR DOOR TYPE | HOLLOW METAL FRAME PAINTED, BEYOND | HOLLOW METAL DOOR FRAME AND ATTACHMENT CLIP | HM DOOR HEAD, SEE FLOO"") supports the item; matched terms: door, frame, hollow, metal.","HM DOOR HEAD, SEE FLOOR PLAN FOR DOOR TYPE | HOLLOW METAL FRAME PAINTED, BEYOND | HOLLOW METAL DOOR FRAME AND ATTACHMENT CLIP | HM DOOR HEAD, SEE FLOOR PLAN FOR DOOR TYPE | HOLLOW METAL DOOR FRAME AND ATTACHMENT CLIP","HM DOOR HEAD, SEE FLOOR PLAN FOR DOOR TYPE | HOLLOW METAL FRAME PAINTED, BEYOND | HOLLOW METAL DOOR FRAME AND ATTACHMENT CLIP | HM DOOR HEAD, SEE FLOOR PLAN FOR DOOR TYPE | HOLLOW METAL DOOR FRAME AND ATTACHMENT CLIP"
A-602,Door & Window Details,Architectural,11,"Doors, Frames & Hardware",Furnish & Install Wood Door Frames And Casings,Wood Doors,2,RIGHT,"Referenced text (""WOOD DOOR FRAME AND DOOR CASING, SEE FRAME TYPE ""WD2"" FOR MORE INFORMATION. | WOOD DOOR FRAME AND DOOR CASING, SEE FRAME TYPE ""WD2"" FOR MORE INFORMATI"") supports the item; matched terms: casing, door, frame, wood.","WOOD DOOR FRAME AND DOOR CASING, SEE FRAME TYPE ""WD2"" FOR MORE INFORMATION. | WOOD DOOR FRAME AND DOOR CASING, SEE FRAME TYPE ""WD2"" FOR MORE INFORMATION.","WOOD DOOR FRAME AND DOOR CASING, SEE FRAME TYPE ""WD2"" FOR MORE INFORMATION. | WOOD DOOR FRAME AND DOOR CASING, SEE FRAME TYPE ""WD2"" FOR MORE INFORMATION."
A-602,Door & Window Details,Architectural,11,"Doors, Frames & Hardware",Furnish & Install Wood Doors Per Schedule And Drawings,Wood Doors,4,RIGHT,"Referenced text (""INTERIOR DOOR PER FLOOR PLAN | INTERIOR DOOR PER FLOOR PLAN | INTERIOR DOOR PER FLOOR PLAN | INTERIOR DOOR PER FLOOR PLAN"") supports the item; matched terms: door.",INTERIOR DOOR PER FLOOR PLAN | INTERIOR DOOR PER FLOOR PLAN | INTERIOR DOOR PER FLOOR PLAN | INTERIOR DOOR PER FLOOR PLAN,INTERIOR DOOR PER FLOOR PLAN | INTERIOR DOOR PER FLOOR PLAN | INTERIOR DOOR PER FLOOR PLAN | INTERIOR DOOR PER FLOOR PLAN
A-602,Door & Window Details,Architectural,11,"Doors, Frames & Hardware",Furnish & Install Door And Frame Assemblies Per Schedule,Others,4,RIGHT,"Referenced text (""TYPE SEE FRAME | EXTERIOR DOOR PER FLOOR PLAN | TYPE SEE FRAME | DOOR - SEE SCHEDULE"") supports the item; matched terms: door, frame, schedule.",TYPE SEE FRAME | EXTERIOR DOOR PER FLOOR PLAN | TYPE SEE FRAME | DOOR - SEE SCHEDULE,SEE FRAME TYPE | EXTERIOR DOOR PER FLOOR PLAN | SEE FRAME TYPE | DOOR - SEE SCHEDULE
A-602,Door & Window Details,Architectural,11,"Doors, Frames & Hardware",Furnish & Install Door Thresholds,Door Hardware Sets,1,RIGHT,"Referenced text (""OFFSET SADDLE THRESHOLD, SET IN BED OF MASTIC."") supports the item; matched terms: threshold.","OFFSET SADDLE THRESHOLD, SET IN BED OF MASTIC.","OFFSET SADDLE THRESHOLD, SET IN BED OF MASTIC."
A-602,Door & Window Details,Architectural,11,Windows,Furnish & Install Vinyl Clad Windows,Vinyl Windows,10,RIGHT,"Referenced text (""NAIL-FIN WINDOW, SET IN FULL BEAD OF SEALANT. SEE FLOOR PLAN FOR WINDOW TYPE | NAIL-FIN WINDOW, SEE FLOOR PLAN FOR WINDOW TYPE | NAIL-FIN WINDOW, SEE "") supports the item; matched terms: window.","NAIL-FIN WINDOW, SET IN FULL BEAD OF SEALANT. SEE FLOOR PLAN FOR WINDOW TYPE | NAIL-FIN WINDOW, SEE FLOOR PLAN FOR WINDOW TYPE | NAIL-FIN WINDOW, SEE FLOOR PLAN FOR WINDOW TYPE | NAIL-FIN WINDOW, SET IN FULL BEAD OF SEALANT. SEE FLOOR PLAN FOR WINDOW TYPE | NAIL-FIN WINDOW, SEE FLOOR PLAN FOR WINDOW TYPE | NAIL-FIN WINDOW, SEE FLOOR PLAN FOR WINDOW TYPE | NAIL-FIN WINDOW, SET IN FULL BEAD OF SEALA","NAIL-FIN WINDOW, SET IN FULL BEAD OF SEALANT. SEE FLOOR PLAN FOR WINDOW TYPE | NAIL-FIN WINDOW, SEE FLOOR PLAN FOR WINDOW TYPE | NAIL-FIN WINDOW, SEE FLOOR PLAN FOR WINDOW TYPE | NAIL-FIN WINDOW, SET IN FULL BEAD OF SEALANT. SEE FLOOR PLAN FOR WINDOW TYPE | NAIL-FIN WINDOW, SEE FLOOR PLAN FOR WINDOW TYPE | NAIL-FIN WINDOW, SEE FLOOR PLAN FOR WINDOW TYPE | NAIL-FIN WINDOW, SET IN FULL BEAD OF SEALA"
A-602,Door & Window Details,Architectural,11,Drywall,"Furnish & Install Single Layer 5/8"" Gypsum Board",Gypsum Board,5,RIGHT,"Referenced text (""(1) LAYER 5/8"" GYPSUM BOARD | (1) LAYER 5/8"" GYPSUM BOARD | (1) LAYER 5/8"" GYPSUM BOARD | (1) LAYER 5/8"" GYPSUM BOARD | (1) LAYER 5/8"" GYPSUM BOARD"") supports the item; matched terms: board, gypsum, layer.","(1) LAYER 5/8"" GYPSUM BOARD | (1) LAYER 5/8"" GYPSUM BOARD | (1) LAYER 5/8"" GYPSUM BOARD | (1) LAYER 5/8"" GYPSUM BOARD | (1) LAYER 5/8"" GYPSUM BOARD","(1) LAYER 5/8"" GYPSUM BOARD | (1) LAYER 5/8"" GYPSUM BOARD | (1) LAYER 5/8"" GYPSUM BOARD | (1) LAYER 5/8"" GYPSUM BOARD | (1) LAYER 5/8"" GYPSUM BOARD"
A-602,Door & Window Details,Architectural,11,Flooring,Furnish & Install All Flooring Per General Installation Requirements,Others,1,RIGHT,"Referenced text (""FLOOR FINISH, SEE FINISH PLANS FOR MORE INFORMATION"") supports the item; matched terms: floor.","FLOOR FINISH, SEE FINISH PLANS FOR MORE INFORMATION","FLOOR FINISH, SEE FINISH PLANS FOR MORE INFORMATION"
A-602,Door & Window Details,Architectural,11,Countertops,"Furnish & Install Solid Surface Countertops, Splashes, And Window Sills",Solid Surface Countertops,6,RIGHT,"Referenced text (""SOLID SURFACE WINDOW SILL, SEE FINISH PLANS | SOLID SURFACE WINDOW SILL, SEE FINISH PLANS | SOLID SURFACE WINDOW SILL, SEE FINISH PLANS | SOLID SURFAC"") supports the item; matched terms: sill, solid, surface, window.","SOLID SURFACE WINDOW SILL, SEE FINISH PLANS | SOLID SURFACE WINDOW SILL, SEE FINISH PLANS | SOLID SURFACE WINDOW SILL, SEE FINISH PLANS | SOLID SURFACE WINDOW SILL, SEE FINISH PLANS | SOLID SURFACE WINDOW SILL, SEE FINISH PLANS | SOLID SURFACE WINDOW SILL, SEE FINISH PLANS","SOLID SURFACE WINDOW SILL, SEE FINISH PLANS | SOLID SURFACE WINDOW SILL, SEE FINISH PLANS | SOLID SURFACE WINDOW SILL, SEE FINISH PLANS | SOLID SURFACE WINDOW SILL, SEE FINISH PLANS | SOLID SURFACE WINDOW SILL, SEE FINISH PLANS | SOLID SURFACE WINDOW SILL, SEE FINISH PLANS"
CU300,Overall Utility Plan,Site Utilities,12,Site Concrete,Furnish & Install Concrete Collars for Utility Structures,Others,1,RIGHT,"Referenced text (""7. WATER VALVES, SEWER MANHOLES, STORM DRAIN INLETS OR CLEANOUT BOXES, AND OTHER SURFACE UTILITY ACCESSORIES SHALL BE RAISED AND SLOPED TO ACCURATE FI"") supports the item; matched terms: collar, collars, concrete, other, utility.","7. WATER VALVES, SEWER MANHOLES, STORM DRAIN INLETS OR CLEANOUT BOXES, AND OTHER SURFACE UTILITY ACCESSORIES SHALL BE RAISED AND SLOPED TO ACCURATE FINISH SURFACE BY A CONCRETE GRADE COLLAR IN PAVEMENT. COLLAR SHALL BE 12"" WIDE AROUND THE UTILITY APPARATUSES AND 8"" MINIMUM THICKNESS. PLACE 2 #4 REBAR HOOPS IN COLLAR. REFER TO DETAIL ON SHEET C100. CONCRETE COLLARS TO BE USED ONLY IN ASPHALT PAVEME","7. WATER VALVES, SEWER MANHOLES, STORM DRAIN INLETS OR CLEANOUT BOXES, AND OTHER SURFACE UTILITY ACCESSORIES SHALL BE RAISED AND SLOPED TO ACCURATE FINISH SURFACE BY A CONCRETE GRADE COLLAR IN PAVEMENT. COLLAR SHALL BE 12"" WIDE AROUND THE UTILITY APPARATUSES AND 8"" MINIMUM THICKNESS. PLACE 2 #4 REBAR HOOPS IN COLLAR. REFER TO DETAIL ON SHEET C100. CONCRETE COLLARS TO BE USED ONLY IN ASPHALT PAVEME"
CU300,Overall Utility Plan,Site Utilities,12,Site Concrete,Furnish & Install Concrete Formwork and Accessories,Formwork,1,WRONG,"[Manual review] Referenced text is general note 3 about minimum pipe cover depth for fire sprinkler/water lines (""ALL FIRE SPRINKLER LINES SHALL HAVE 60\"" OF COVER...""). It is a utility-depth note, not concrete formwork scope.","3. ALL FIRE SPRINKLER LINES SHALL HAVE 60"" OF COVER MINIMUM. ALL OTHER WATERLINES INCLUDING EXISTING LINES TO HAVE 48"" MINIMUM COVER. CUT IN NEW TEE CONNECTIONS TO EXISTING WATER LINE CONNECTIONS. COORDINATE WITH BYU ENGINEERING. TERMINATE NEW 2"" WATER BUILDING SERVICE LINES IN THE BASE FLOOR TERMINATING 24"" ABOVE THE FINISH FLOOR. PROVIDE A 4"" PVC SLEEVE THROUGH THE FLOOR SLAB FOR THE 2"" POLY LIN","3. ALL FIRE SPRINKLER LINES SHALL HAVE 60"" OF COVER MINIMUM. ALL OTHER WATERLINES INCLUDING EXISTING LINES TO HAVE 48"" MINIMUM COVER. CUT IN NEW TEE CONNECTIONS TO EXISTING WATER LINE CONNECTIONS. COORDINATE WITH BYU ENGINEERING. TERMINATE NEW 2"" WATER BUILDING SERVICE LINES IN THE BASE FLOOR TERMINATING 24"" ABOVE THE FINISH FLOOR. PROVIDE A 4"" PVC SLEEVE THROUGH THE FLOOR SLAB FOR THE 2"" POLY LIN"
CU300,Overall Utility Plan,Site Utilities,12,Site Improvements,Furnish & Install — Sleeving for Drain Pipe Through Site Walls,Others,1,RIGHT,"Referenced text (""COVER. CUT IN SERVICE LINE 16. SITE WALLS (EXCEPT STAIR CHEEK WALLS OR SEAT WALLS) TO HAVE A 3"" PERFORATED DRAIN (PVC OR HDPE WRAPPED IN DRAINAGE FABR"") supports the item; matched terms: drain, pipe, site, through, wall, walls.","COVER. CUT IN SERVICE LINE 16. SITE WALLS (EXCEPT STAIR CHEEK WALLS OR SEAT WALLS) TO HAVE A 3"" PERFORATED DRAIN (PVC OR HDPE WRAPPED IN DRAINAGE FABRIC) AS SHOWN ON PLANS AND ON THE RETAINING WALL DETAILS ON STRUCTURAL PLANS. CONNECT TO SITE DRAINAGE STRUCTURES AS SHOWN WITH 4"" PVC SOLID PIPE (SDR 35) FROM THE CONNECTION AT THE PERFORATED FOOTING DRAIN PIPE TO THE STORM DRAIN STRUCTURE. SLEEVE DR","16. SITE WALLS (EXCEPT STAIR CHEEK WALLS OR SEAT WALLS) TO HAVE A 3"" PERFORATED DRAIN (PVC OR HDPE WRAPPED IN DRAINAGE FABRIC) AS SHOWN ON PLANS AND ON THE RETAINING WALL DETAILS ON STRUCTURAL PLANS. CONNECT TO SITE DRAINAGE STRUCTURES AS SHOWN WITH 4"" PVC SOLID PIPE (SDR 35) FROM THE CONNECTION AT THE PERFORATED FOOTING DRAIN PIPE TO THE STORM DRAIN STRUCTURE. SLEEVE DRAIN PIPE THROUGH SITE WALLS"
CU300,Overall Utility Plan,Site Utilities,12,Site Improvements,Furnish & Install Concrete Wall Footings,Cast-In-Place Foundations,1,RIGHT,"Referenced text (""9. WHERE UTILITY LINES CROSS SITE WALLS, WALL FOOTINGS SHALL STEP BELOW UTILITIES FOR WATER AND GAS PIPING AS WELL AS STORM DRAIN LINES THAT DO NOT HA"") supports the item; matched terms: footing, footings, wall.","9. WHERE UTILITY LINES CROSS SITE WALLS, WALL FOOTINGS SHALL STEP BELOW UTILITIES FOR WATER AND GAS PIPING AS WELL AS STORM DRAIN LINES THAT DO NOT HAVE 2' OF FILL BETWEEN THE BOTTOM OF THE NORMAL WALL FOOTING DEPTH (30"" DEPTH) AND THE TOP OF PIPE. REFER TO DETAIL ON STRUCTURAL PLANS FOR TYPICAL FOOTING STEP DETAIL AS WELL AS SEAT WALL DETAILS. WHERE UTILITY LINES HAVE A MINIMUM OF 2' OF FILL BETW","9. WHERE UTILITY LINES CROSS SITE WALLS, WALL FOOTINGS SHALL STEP BELOW UTILITIES FOR WATER AND GAS PIPING AS WELL AS STORM DRAIN LINES THAT DO NOT HAVE 2' OF FILL BETWEEN THE BOTTOM OF THE NORMAL WALL FOOTING DEPTH (30"" DEPTH) AND THE TOP OF PIPE. REFER TO DETAIL ON STRUCTURAL PLANS FOR TYPICAL FOOTING STEP DETAIL AS WELL AS SEAT WALL DETAILS. WHERE UTILITY LINES HAVE A MINIMUM OF 2' OF FILL BETW"
CU300,Overall Utility Plan,Site Utilities,12,Site Improvements,"Furnish & Install Concrete Curbs, Gutters, and Mow Strips",Curbs & Gutters,1,RIGHT,"Referenced text (""12. REPAIR PAVEMENT, AS WELL AS CURB & GUTTER, AND SIDEWALKS WHERE UTILITIES CROSS INTO SITE TEMPORARY LIMIT LINES TO MAINTAIN TRAFFIC THROUGH THESE A"") supports the item; matched terms: curb, gutter.","12. REPAIR PAVEMENT, AS WELL AS CURB & GUTTER, AND SIDEWALKS WHERE UTILITIES CROSS INTO SITE TEMPORARY LIMIT LINES TO MAINTAIN TRAFFIC THROUGH THESE AREAS. COORDINATE TRAFFIC CONTROL WITH BYU.","12. REPAIR PAVEMENT, AS WELL AS CURB & GUTTER, AND SIDEWALKS WHERE UTILITIES CROSS INTO SITE TEMPORARY LIMIT LINES TO MAINTAIN TRAFFIC THROUGH THESE AREAS. COORDINATE TRAFFIC CONTROL WITH BYU."
CU300,Overall Utility Plan,Site Utilities,12,Site Improvements,Furnish & Install Pavement Restoration and Repair,Asphalt Paving,1,RIGHT,"Referenced text (""12. REPAIR PAVEMENT, AS WELL AS CURB & GUTTER, AND SIDEWALKS WHERE UTILITIES CROSS INTO SITE TEMPORARY LIMIT LINES TO MAINTAIN TRAFFIC THROUGH THESE A"") supports the item; matched terms: pavement, repair.","12. REPAIR PAVEMENT, AS WELL AS CURB & GUTTER, AND SIDEWALKS WHERE UTILITIES CROSS INTO SITE TEMPORARY LIMIT LINES TO MAINTAIN TRAFFIC THROUGH THESE AREAS. COORDINATE TRAFFIC CONTROL WITH BYU.","12. REPAIR PAVEMENT, AS WELL AS CURB & GUTTER, AND SIDEWALKS WHERE UTILITIES CROSS INTO SITE TEMPORARY LIMIT LINES TO MAINTAIN TRAFFIC THROUGH THESE AREAS. COORDINATE TRAFFIC CONTROL WITH BYU."
CU300,Overall Utility Plan,Site Utilities,12,Fire Suppression,Furnish & Install — Fire Sprinkler System Piping,Wet Pipe Sprinkler Systems,1,RIGHT,"Referenced text (""3. ALL FIRE SPRINKLER LINES SHALL HAVE 60"" OF COVER MINIMUM. ALL OTHER WATERLINES INCLUDING EXISTING LINES TO HAVE 48"" MINIMUM COVER. CUT IN NEW TEE C"") supports the item; matched terms: fire, sprinkler.","3. ALL FIRE SPRINKLER LINES SHALL HAVE 60"" OF COVER MINIMUM. ALL OTHER WATERLINES INCLUDING EXISTING LINES TO HAVE 48"" MINIMUM COVER. CUT IN NEW TEE CONNECTIONS TO EXISTING WATER LINE CONNECTIONS. COORDINATE WITH BYU ENGINEERING. TERMINATE NEW 2"" WATER BUILDING SERVICE LINES IN THE BASE FLOOR TERMINATING 24"" ABOVE THE FINISH FLOOR. PROVIDE A 4"" PVC SLEEVE THROUGH THE FLOOR SLAB FOR THE 2"" POLY LIN","3. ALL FIRE SPRINKLER LINES SHALL HAVE 60"" OF COVER MINIMUM. ALL OTHER WATERLINES INCLUDING EXISTING LINES TO HAVE 48"" MINIMUM COVER. CUT IN NEW TEE CONNECTIONS TO EXISTING WATER LINE CONNECTIONS. COORDINATE WITH BYU ENGINEERING. TERMINATE NEW 2"" WATER BUILDING SERVICE LINES IN THE BASE FLOOR TERMINATING 24"" ABOVE THE FINISH FLOOR. PROVIDE A 4"" PVC SLEEVE THROUGH THE FLOOR SLAB FOR THE 2"" POLY LIN"
CU300,Overall Utility Plan,Site Utilities,12,Plumbing,Furnish & Install — Interior Drains and Cleanouts,Sanitary & Wastewater Systems,1,RIGHT,"Referenced text (""AND APPARATUSES 22. TRENCH DRAINS TD-1 THRU TD-5 TO BE ""ACO DRAIN KLASSIKDRAIN K100"" OR APPROVED EQUIVALENT. BUILT IN SLOPE TO BE APPROXIMATELY 1% FRO"") supports the item; matched terms: drain, drains.","AND APPARATUSES 22. TRENCH DRAINS TD-1 THRU TD-5 TO BE ""ACO DRAIN KLASSIKDRAIN K100"" OR APPROVED EQUIVALENT. BUILT IN SLOPE TO BE APPROXIMATELY 1% FROM SHALLOW END TO OUTLET. PROVIDE A 4"" BOTTOM OUTLET FOR A SCHEDULE 40 PVC PIPE AT THE LOW END OF THE TRENCH DRAIN. MINIMUM DEPTH AT LOW END TO BE 12"". GRATE TO BE LOAD CLASS C HEEL SAFE PERFORATED STAINLESS STEEL OR APPROVED EQUIVALENT. CONNECT THE P","22. TRENCH DRAINS TD-1 THRU TD-5 TO BE ""ACO DRAIN KLASSIKDRAIN K100"" OR APPROVED EQUIVALENT. BUILT IN SLOPE TO BE APPROXIMATELY 1% FROM SHALLOW END TO OUTLET. PROVIDE A 4"" BOTTOM OUTLET FOR A SCHEDULE 40 PVC PIPE AT THE LOW END OF THE TRENCH DRAIN. MINIMUM DEPTH AT LOW END TO BE 12"". GRATE TO BE LOAD CLASS C HEEL SAFE PERFORATED STAINLESS STEEL OR APPROVED EQUIVALENT. CONNECT THE PVC PIPE TO THE N"
CU300,Overall Utility Plan,Site Utilities,12,Earthwork,"Furnish & Install Fill, Base Course, and Bedding Materials",Excavation & Backfill,2,RIGHT,"Referenced text (""1. PIPING MATERIALS TO BE PER UTILITY SPEC. AS OUTLINED BELOW: NEW WATER LINES - CEMENT MORTAR LINED DUCTILE IRON PIPE WRAPPED IN 10 MIL POLYETHYLENE "") supports the item; matched terms: fill, material, materials.","1. PIPING MATERIALS TO BE PER UTILITY SPEC. AS OUTLINED BELOW: NEW WATER LINES - CEMENT MORTAR LINED DUCTILE IRON PIPE WRAPPED IN 10 MIL POLYETHYLENE SLEEVES PER AWWA C105 (THRUST BLOCK PER BYU STD'S) WATER SERVICE LINES - 2"" POLYETHYLENE AWWA C901 (SDR-9) SEWER - PVC PIPE 4"" TO 10"" (SDR 35), USE 6"" DI AT FITTING ON SERVICE LINES. SEE NOTES ON CU-310 STORM DRAIN - 12"" TO 18"" HDPE PIPE WITH WATER T","1. PIPING MATERIALS TO BE PER UTILITY SPEC. AS OUTLINED BELOW: NEW WATER LINES - CEMENT MORTAR LINED DUCTILE IRON PIPE WRAPPED IN 10 MIL POLYETHYLENE SLEEVES PER AWWA C105 (THRUST BLOCK PER BYU STD'S) WATER SERVICE LINES - 2"" POLYETHYLENE AWWA C901 (SDR-9) SEWER - PVC PIPE 4"" TO 10"" (SDR 35), USE 6"" DI AT FITTING ON SERVICE LINES. SEE NOTES ON CU-310 STORM DRAIN - 12"" TO 18"" HDPE PIPE WITH WATER T"
CU300,Overall Utility Plan,Site Utilities,12,Earthwork,"Furnish & Install General Excavation, Trenching, and Backfill",Excavation & Backfill,1,RIGHT,[Manual review] Referenced text is general note 4 instructing to pothole (excavate to verify) existing utility crossings before routing new utilities - genuine earthwork/excavation scope.,"4. POTHOLE ALL EXISTING UTILITY CROSSINGS PRIOR TO ROUTING ANY NEW UTILITIES. ALL NEW SEWER, DRAINAGE, OR OTHER GRAVITY LINES SHALL BE COMPLETED PRIOR TO ROUTING ANY PRESSURE LINES. WHERE EXISTING UTILITIES CONFLICT WITH NEW GRAVITY LINES, RAISE OR LOWER EXISTING UTILITIES TO ACCOMMODATE NEW GRAVITY LINES. PROVIDE 12"" MIN. CLEARANCE. WATER LINES SHALL NOT BE PLACED UNDER SEWER LINES AND SHALL HAVE","4. POTHOLE ALL EXISTING UTILITY CROSSINGS PRIOR TO ROUTING ANY NEW UTILITIES. ALL NEW SEWER, DRAINAGE, OR OTHER GRAVITY LINES SHALL BE COMPLETED PRIOR TO ROUTING ANY PRESSURE LINES. WHERE EXISTING UTILITIES CONFLICT WITH NEW GRAVITY LINES, RAISE OR LOWER EXISTING UTILITIES TO ACCOMMODATE NEW GRAVITY LINES. PROVIDE 12"" MIN. CLEARANCE. WATER LINES SHALL NOT BE PLACED UNDER SEWER LINES AND SHALL HAVE"
CU300,Overall Utility Plan,Site Utilities,12,Irrigation,Furnish & Install Irrigation Piping and Stubs,Irrigation Piping,1,RIGHT,"Referenced text (""PB NEW IRRIGATION STUBOUT. ABANDONED THE TEMPORARY IRRIGATION LINE ONCE THE STUBOUT IS OPERATIONAL"") supports the item; matched terms: irrigation.",PB NEW IRRIGATION STUBOUT. ABANDONED THE TEMPORARY IRRIGATION LINE ONCE THE STUBOUT IS OPERATIONAL,NEW IRRIGATION STUBOUT. ABANDONED THE TEMPORARY IRRIGATION LINE ONCE THE STUBOUT IS OPERATIONAL
CU300,Overall Utility Plan,Site Utilities,12,Irrigation,Furnish & Install Irrigation System Components,Others,3,RIGHT,"Referenced text (""> IRR | 18''SD IRR | IRR"") supports the item; matched terms: irrigation.",> IRR | 18''SD IRR | IRR,IRR | IRR | IRR
CU300,Overall Utility Plan,Site Utilities,12,Utilities,Furnish & Install General Water Pipe and Appurtenances,Water Utility Distribution,1,RIGHT,"Referenced text (""1. PIPING MATERIALS TO BE PER UTILITY SPEC. AS OUTLINED BELOW: NEW WATER LINES - CEMENT MORTAR LINED DUCTILE IRON PIPE WRAPPED IN 10 MIL POLYETHYLENE "") supports the item; matched terms: pipe, utility, water.","1. PIPING MATERIALS TO BE PER UTILITY SPEC. AS OUTLINED BELOW: NEW WATER LINES - CEMENT MORTAR LINED DUCTILE IRON PIPE WRAPPED IN 10 MIL POLYETHYLENE SLEEVES PER AWWA C105 (THRUST BLOCK PER BYU STD'S) WATER SERVICE LINES - 2"" POLYETHYLENE AWWA C901 (SDR-9) SEWER - PVC PIPE 4"" TO 10"" (SDR 35), USE 6"" DI AT FITTING ON SERVICE LINES. SEE NOTES ON CU-310 STORM DRAIN - 12"" TO 18"" HDPE PIPE WITH WATER T","1. PIPING MATERIALS TO BE PER UTILITY SPEC. AS OUTLINED BELOW: NEW WATER LINES - CEMENT MORTAR LINED DUCTILE IRON PIPE WRAPPED IN 10 MIL POLYETHYLENE SLEEVES PER AWWA C105 (THRUST BLOCK PER BYU STD'S) WATER SERVICE LINES - 2"" POLYETHYLENE AWWA C901 (SDR-9) SEWER - PVC PIPE 4"" TO 10"" (SDR 35), USE 6"" DI AT FITTING ON SERVICE LINES. SEE NOTES ON CU-310 STORM DRAIN - 12"" TO 18"" HDPE PIPE WITH WATER T"
CU300,Overall Utility Plan,Site Utilities,12,Utilities,Furnish & Install 2-Inch Water Pipe and Service Connections,Water Utility Distribution,2,RIGHT,"Referenced text (""1. PIPING MATERIALS TO BE PER UTILITY SPEC. AS OUTLINED BELOW: NEW WATER LINES - CEMENT MORTAR LINED DUCTILE IRON PIPE WRAPPED IN 10 MIL POLYETHYLENE "") supports the item; matched terms: connection, connections, pipe, service, utility, water.","1. PIPING MATERIALS TO BE PER UTILITY SPEC. AS OUTLINED BELOW: NEW WATER LINES - CEMENT MORTAR LINED DUCTILE IRON PIPE WRAPPED IN 10 MIL POLYETHYLENE SLEEVES PER AWWA C105 (THRUST BLOCK PER BYU STD'S) WATER SERVICE LINES - 2"" POLYETHYLENE AWWA C901 (SDR-9) SEWER - PVC PIPE 4"" TO 10"" (SDR 35), USE 6"" DI AT FITTING ON SERVICE LINES. SEE NOTES ON CU-310 STORM DRAIN - 12"" TO 18"" HDPE PIPE WITH WATER T","1. PIPING MATERIALS TO BE PER UTILITY SPEC. AS OUTLINED BELOW: NEW WATER LINES - CEMENT MORTAR LINED DUCTILE IRON PIPE WRAPPED IN 10 MIL POLYETHYLENE SLEEVES PER AWWA C105 (THRUST BLOCK PER BYU STD'S) WATER SERVICE LINES - 2"" POLYETHYLENE AWWA C901 (SDR-9) SEWER - PVC PIPE 4"" TO 10"" (SDR 35), USE 6"" DI AT FITTING ON SERVICE LINES. SEE NOTES ON CU-310 STORM DRAIN - 12"" TO 18"" HDPE PIPE WITH WATER T"
CU300,Overall Utility Plan,Site Utilities,12,Utilities,Furnish & Install General Sanitary Sewer Pipe and Laterals,Sanitary Sewer Systems,1,RIGHT,"Referenced text (""1. PIPING MATERIALS TO BE PER UTILITY SPEC. AS OUTLINED BELOW: NEW WATER LINES - CEMENT MORTAR LINED DUCTILE IRON PIPE WRAPPED IN 10 MIL POLYETHYLENE "") supports the item; matched terms: pipe, sewer.","1. PIPING MATERIALS TO BE PER UTILITY SPEC. AS OUTLINED BELOW: NEW WATER LINES - CEMENT MORTAR LINED DUCTILE IRON PIPE WRAPPED IN 10 MIL POLYETHYLENE SLEEVES PER AWWA C105 (THRUST BLOCK PER BYU STD'S) WATER SERVICE LINES - 2"" POLYETHYLENE AWWA C901 (SDR-9) SEWER - PVC PIPE 4"" TO 10"" (SDR 35), USE 6"" DI AT FITTING ON SERVICE LINES. SEE NOTES ON CU-310 STORM DRAIN - 12"" TO 18"" HDPE PIPE WITH WATER T","1. PIPING MATERIALS TO BE PER UTILITY SPEC. AS OUTLINED BELOW: NEW WATER LINES - CEMENT MORTAR LINED DUCTILE IRON PIPE WRAPPED IN 10 MIL POLYETHYLENE SLEEVES PER AWWA C105 (THRUST BLOCK PER BYU STD'S) WATER SERVICE LINES - 2"" POLYETHYLENE AWWA C901 (SDR-9) SEWER - PVC PIPE 4"" TO 10"" (SDR 35), USE 6"" DI AT FITTING ON SERVICE LINES. SEE NOTES ON CU-310 STORM DRAIN - 12"" TO 18"" HDPE PIPE WITH WATER T"
CU300,Overall Utility Plan,Site Utilities,12,Utilities,Furnish & Install General Storm Drain Pipe and Connections,Storm Sewer Systems,5,RIGHT,"Referenced text (""1. PIPING MATERIALS TO BE PER UTILITY SPEC. AS OUTLINED BELOW: NEW WATER LINES - CEMENT MORTAR LINED DUCTILE IRON PIPE WRAPPED IN 10 MIL POLYETHYLENE "") supports the item; matched terms: connection, drain, pipe, sewer, storm.","1. PIPING MATERIALS TO BE PER UTILITY SPEC. AS OUTLINED BELOW: NEW WATER LINES - CEMENT MORTAR LINED DUCTILE IRON PIPE WRAPPED IN 10 MIL POLYETHYLENE SLEEVES PER AWWA C105 (THRUST BLOCK PER BYU STD'S) WATER SERVICE LINES - 2"" POLYETHYLENE AWWA C901 (SDR-9) SEWER - PVC PIPE 4"" TO 10"" (SDR 35), USE 6"" DI AT FITTING ON SERVICE LINES. SEE NOTES ON CU-310 STORM DRAIN - 12"" TO 18"" HDPE PIPE WITH WATER T","1. PIPING MATERIALS TO BE PER UTILITY SPEC. AS OUTLINED BELOW: NEW WATER LINES - CEMENT MORTAR LINED DUCTILE IRON PIPE WRAPPED IN 10 MIL POLYETHYLENE SLEEVES PER AWWA C105 (THRUST BLOCK PER BYU STD'S) WATER SERVICE LINES - 2"" POLYETHYLENE AWWA C901 (SDR-9) SEWER - PVC PIPE 4"" TO 10"" (SDR 35), USE 6"" DI AT FITTING ON SERVICE LINES. SEE NOTES ON CU-310 STORM DRAIN - 12"" TO 18"" HDPE PIPE WITH WATER T"
CU300,Overall Utility Plan,Site Utilities,12,Utilities,Furnish & Install Gas Pipe and Appurtenances,Gas Distribution,2,RIGHT,"Referenced text (""1. PIPING MATERIALS TO BE PER UTILITY SPEC. AS OUTLINED BELOW: NEW WATER LINES - CEMENT MORTAR LINED DUCTILE IRON PIPE WRAPPED IN 10 MIL POLYETHYLENE "") supports the item; matched terms: gas, pipe.","1. PIPING MATERIALS TO BE PER UTILITY SPEC. AS OUTLINED BELOW: NEW WATER LINES - CEMENT MORTAR LINED DUCTILE IRON PIPE WRAPPED IN 10 MIL POLYETHYLENE SLEEVES PER AWWA C105 (THRUST BLOCK PER BYU STD'S) WATER SERVICE LINES - 2"" POLYETHYLENE AWWA C901 (SDR-9) SEWER - PVC PIPE 4"" TO 10"" (SDR 35), USE 6"" DI AT FITTING ON SERVICE LINES. SEE NOTES ON CU-310 STORM DRAIN - 12"" TO 18"" HDPE PIPE WITH WATER T","1. PIPING MATERIALS TO BE PER UTILITY SPEC. AS OUTLINED BELOW: NEW WATER LINES - CEMENT MORTAR LINED DUCTILE IRON PIPE WRAPPED IN 10 MIL POLYETHYLENE SLEEVES PER AWWA C105 (THRUST BLOCK PER BYU STD'S) WATER SERVICE LINES - 2"" POLYETHYLENE AWWA C901 (SDR-9) SEWER - PVC PIPE 4"" TO 10"" (SDR 35), USE 6"" DI AT FITTING ON SERVICE LINES. SEE NOTES ON CU-310 STORM DRAIN - 12"" TO 18"" HDPE PIPE WITH WATER T"
CU300,Overall Utility Plan,Site Utilities,12,Utilities,Furnish & Install Connections to Existing Utilities and Buildings,Others,12,RIGHT,"Referenced text (""2. SITE WORK TO INTERFACE WITH BUILDING CONSTRUCTION AT THE FOLLOWING LOCATIONS (REFER TO NOTES ON C100): A. THE SEWER SERVICE TO THE BUILDING CONNECT"") supports the item; matched terms: building, connection, exist, existing, other, utilitie, utilities.",2. SITE WORK TO INTERFACE WITH BUILDING CONSTRUCTION AT THE FOLLOWING LOCATIONS (REFER TO NOTES ON C100): A. THE SEWER SERVICE TO THE BUILDING CONNECTS TO THE SITE SYSTEM AT THE DOUBLE CLEANOUTS AS SHOWN ON THE PLUMBING PLANS. B. ALL OTHER UTILITIES CONNECTING TO THE BUILDING (EXCEPT WATER LINES) WILL INTERFACE 5' FROM THE BUILDING. SITE CONTRACTOR TO PROVIDE ALL NECESSARY FITTINGS OR REDUCERS AS ,2. SITE WORK TO INTERFACE WITH BUILDING CONSTRUCTION AT THE FOLLOWING LOCATIONS (REFER TO NOTES ON C100): A. THE SEWER SERVICE TO THE BUILDING CONNECTS TO THE SITE SYSTEM AT THE DOUBLE CLEANOUTS AS SHOWN ON THE PLUMBING PLANS. B. ALL OTHER UTILITIES CONNECTING TO THE BUILDING (EXCEPT WATER LINES) WILL INTERFACE 5' FROM THE BUILDING. SITE CONTRACTOR TO PROVIDE ALL NECESSARY FITTINGS OR REDUCERS AS 
CU300,Overall Utility Plan,Site Utilities,12,Utilities,Furnish & Install Relocation and Adjustment of Existing Utilities,Others,2,RIGHT,"Referenced text (""4. POTHOLE ALL EXISTING UTILITY CROSSINGS PRIOR TO ROUTING ANY NEW UTILITIES. ALL NEW SEWER, DRAINAGE, OR OTHER GRAVITY LINES SHALL BE COMPLETED PRIOR"") supports the item; matched terms: exist, existing, other, utilitie, utilities.","4. POTHOLE ALL EXISTING UTILITY CROSSINGS PRIOR TO ROUTING ANY NEW UTILITIES. ALL NEW SEWER, DRAINAGE, OR OTHER GRAVITY LINES SHALL BE COMPLETED PRIOR TO ROUTING ANY PRESSURE LINES. WHERE EXISTING UTILITIES CONFLICT WITH NEW GRAVITY LINES, RAISE OR LOWER EXISTING UTILITIES TO ACCOMMODATE NEW GRAVITY LINES. PROVIDE 12"" MIN. CLEARANCE. WATER LINES SHALL NOT BE PLACED UNDER SEWER LINES AND SHALL HAVE","4. POTHOLE ALL EXISTING UTILITY CROSSINGS PRIOR TO ROUTING ANY NEW UTILITIES. ALL NEW SEWER, DRAINAGE, OR OTHER GRAVITY LINES SHALL BE COMPLETED PRIOR TO ROUTING ANY PRESSURE LINES. WHERE EXISTING UTILITIES CONFLICT WITH NEW GRAVITY LINES, RAISE OR LOWER EXISTING UTILITIES TO ACCOMMODATE NEW GRAVITY LINES. PROVIDE 12"" MIN. CLEARANCE. WATER LINES SHALL NOT BE PLACED UNDER SEWER LINES AND SHALL HAVE"
CU300,Overall Utility Plan,Site Utilities,12,Utilities,Furnish & Install Thrust Blocks and Pipe Restraint Devices,Water Utility Distribution,1,RIGHT,"Referenced text (""6. THRUST BLOCK ALL FITTINGS OR PROVIDE RESTRAINED JOINTS PER BYU STANDARDS. THE NEW 4"" & 6"" CONNECTIONS TO THE NEW BUILDING WILL REQUIRE RESTRAINED J"") supports the item; matched terms: block, pipe, thrust.","6. THRUST BLOCK ALL FITTINGS OR PROVIDE RESTRAINED JOINTS PER BYU STANDARDS. THE NEW 4"" & 6"" CONNECTIONS TO THE NEW BUILDING WILL REQUIRE RESTRAINED JOINTS FOR MANY FITTINGS DUE TO LIMITED SPACE BETWEEN PIPES. SEE TYPICAL DETAIL D ON C101. 21. LIGHT CONDUIT,","6. THRUST BLOCK ALL FITTINGS OR PROVIDE RESTRAINED JOINTS PER BYU STANDARDS. THE NEW 4"" & 6"" CONNECTIONS TO THE NEW BUILDING WILL REQUIRE RESTRAINED JOINTS FOR MANY FITTINGS DUE TO LIMITED SPACE BETWEEN PIPES. SEE TYPICAL DETAIL D ON C101."
CU300,Overall Utility Plan,Site Utilities,12,Utilities,Furnish & Install Plastic Drain Basins,Utility Structures & Manholes,3,RIGHT,"Referenced text (""8. ALL ""CB"" LABELS ARE 24""Ø NYLOPLAST DRAINAGE BASINS WITH HS-20 RING AND COVER. ALL ""ADS"" LABELS ARE 15"" NYLOPLAST DRAINAGE BASINS. ALL ""AD"" LABELS A"") supports the item; matched terms: basin, basins, drain, manhole, manholes.","8. ALL ""CB"" LABELS ARE 24""Ø NYLOPLAST DRAINAGE BASINS WITH HS-20 RING AND COVER. ALL ""ADS"" LABELS ARE 15"" NYLOPLAST DRAINAGE BASINS. ALL ""AD"" LABELS ARE 18"" NYLOPLAST DRAINAGE BASINS. REFER TO DETAIL CALLOUTS IN TABLE ON THIS SHEET. ALL GRATED COVERS TO BE HEEL SAFE COVERS. 23. REFER CU301. | CIB'S DEEPER THAN 5' TO BE 4'x3' BOXES. | 10. USE HS-20 SOLID COVERS ON ALL MANHOLES. CB, AD, AND ADS BOXE","8. ALL ""CB"" LABELS ARE 24""Ø NYLOPLAST DRAINAGE BASINS WITH HS-20 RING AND COVER. ALL ""ADS"" LABELS ARE 15"" NYLOPLAST DRAINAGE BASINS. ALL ""AD"" LABELS ARE 18"" NYLOPLAST DRAINAGE BASINS. REFER TO DETAIL CALLOUTS IN TABLE ON THIS SHEET. ALL GRATED COVERS TO BE HEEL SAFE COVERS. | CIB'S DEEPER THAN 5' TO BE 4'x3' BOXES. | 10. USE HS-20 SOLID COVERS ON ALL MANHOLES. CB, AD, AND ADS BOXES TO HAVE PEDESTR"
CU300,Overall Utility Plan,Site Utilities,12,Utilities,Furnish & Install Sanitary Sewer Manholes,Utility Structures & Manholes,1,RIGHT,"Referenced text (""14. SET NEW UTILITY MANHOLE OR STRUCTURE OVER EXISTING PIPING WHERE NEW & EXISTING PIPING CONNECT. RECONNECT ALL EXISTING PIPING TO NEW STRUCTURES. PR"") supports the item; matched terms: manhole, structure, structures, utility.",14. SET NEW UTILITY MANHOLE OR STRUCTURE OVER EXISTING PIPING WHERE NEW & EXISTING PIPING CONNECT. RECONNECT ALL EXISTING PIPING TO NEW STRUCTURES. PROVIDE NEW SECTIONS OF PIPE IF NECESSARY TO RECONNECT ALL PIPING TO THE NEW UTILITY STRUCTURES.,14. SET NEW UTILITY MANHOLE OR STRUCTURE OVER EXISTING PIPING WHERE NEW & EXISTING PIPING CONNECT. RECONNECT ALL EXISTING PIPING TO NEW STRUCTURES. PROVIDE NEW SECTIONS OF PIPE IF NECESSARY TO RECONNECT ALL PIPING TO THE NEW UTILITY STRUCTURES.
CU300,Overall Utility Plan,Site Utilities,12,Utilities,Furnish & Install 3-Inch Perforated Drain Pipe,Storm Sewer Systems,1,RIGHT,"Referenced text (""COVER. CUT IN SERVICE LINE 16. SITE WALLS (EXCEPT STAIR CHEEK WALLS OR SEAT WALLS) TO HAVE A 3"" PERFORATED DRAIN (PVC OR HDPE WRAPPED IN DRAINAGE FABR"") supports the item; matched terms: drain, perforated, pipe, storm, system.","COVER. CUT IN SERVICE LINE 16. SITE WALLS (EXCEPT STAIR CHEEK WALLS OR SEAT WALLS) TO HAVE A 3"" PERFORATED DRAIN (PVC OR HDPE WRAPPED IN DRAINAGE FABRIC) AS SHOWN ON PLANS AND ON THE RETAINING WALL DETAILS ON STRUCTURAL PLANS. CONNECT TO SITE DRAINAGE STRUCTURES AS SHOWN WITH 4"" PVC SOLID PIPE (SDR 35) FROM THE CONNECTION AT THE PERFORATED FOOTING DRAIN PIPE TO THE STORM DRAIN STRUCTURE. SLEEVE DR","16. SITE WALLS (EXCEPT STAIR CHEEK WALLS OR SEAT WALLS) TO HAVE A 3"" PERFORATED DRAIN (PVC OR HDPE WRAPPED IN DRAINAGE FABRIC) AS SHOWN ON PLANS AND ON THE RETAINING WALL DETAILS ON STRUCTURAL PLANS. CONNECT TO SITE DRAINAGE STRUCTURES AS SHOWN WITH 4"" PVC SOLID PIPE (SDR 35) FROM THE CONNECTION AT THE PERFORATED FOOTING DRAIN PIPE TO THE STORM DRAIN STRUCTURE. SLEEVE DRAIN PIPE THROUGH SITE WALLS"
CU300,Overall Utility Plan,Site Utilities,12,Utilities,Furnish & Install 8-Inch Storm Drain Pipe,Storm Sewer Systems,25,RIGHT,"Referenced text (""> 8''SD | > 8''SD | > 8''SD | > 8''SD G | > 8''SD | > 8''SD | > 8''SD > | > 8''SD | > 8''SD | > 8''SD | > 8''SD | > 8''SD G | > 8''SD | > 8''SD | > 8'"") supports the item; matched terms: drain, pipe, storm.",> 8''SD | > 8''SD | > 8''SD | > 8''SD G | > 8''SD | > 8''SD | > 8''SD > | > 8''SD | > 8''SD | > 8''SD | > 8''SD | > 8''SD G | > 8''SD | > 8''SD | > 8''SD | > 8''SD | > 8''SD | > > 8''SD | > 8''SD | > 8''SD G | > 8''SD G | > 8''SD | > 8''SD | > 8''SD | > 8''SD G,> 8''SD | > 8''SD | > 8''SD | > 8''SD | > 8''SD | > 8''SD | > 8''SD | > 8''SD | > 8''SD | > 8''SD | > 8''SD | > 8''SD | > 8''SD | > 8''SD | > 8''SD | > 8''SD | > 8''SD | > 8''SD | > 8''SD | > 8''SD | > 8''SD | > 8''SD | > 8''SD | > 8''SD | > 8''SD
CU300,Overall Utility Plan,Site Utilities,12,Utilities,Furnish & Install 10-Inch Storm Drain Pipe,Storm Sewer Systems,13,RIGHT,"Referenced text (""> 10''SD | > 10''SD | > 10''SD > | > > 10''SD | > 10''SD | > > 10''SD | > 10''SD | 10''SD | 10''SD | > 10''SD | > 10''SD G PB | 10''SD | 10''SD FO"") supports the item; matched terms: drain, pipe, storm.",> 10''SD | > 10''SD | > 10''SD > | > > 10''SD | > 10''SD | > > 10''SD | > 10''SD | 10''SD | 10''SD | > 10''SD | > 10''SD G PB | 10''SD | 10''SD FO,> 10''SD | > 10''SD | > 10''SD | > 10''SD | > 10''SD | > 10''SD | > 10''SD | 10''SD | 10''SD | > 10''SD | > 10''SD | 10''SD | 10''SD
CU300,Overall Utility Plan,Site Utilities,12,Utilities,Furnish & Install 12-Inch Storm Drain Pipe,Storm Sewer Systems,24,RIGHT,"Referenced text (""> 12''SD G | > 12''SD | > 12''SD G | > 12''SD | > 12''SD > G | > 12''SD | > 12''SD | > 12''SD FO | > 12''SD FO | > 12''SD | > 12''SD | > 12''SD | > 12"") supports the item; matched terms: drain, pipe, sewer, storm.",> 12''SD G | > 12''SD | > 12''SD G | > 12''SD | > 12''SD > G | > 12''SD | > 12''SD | > 12''SD FO | > 12''SD FO | > 12''SD | > 12''SD | > 12''SD | > 12''SD | > 12''SD | > 12''SD | > 12''SD | 12''SD | 8''SS > 12''SD | > 12''SD | 8''SS 12''SD | > 12''SD | 12''SD | PB > 12''SD | / 8''W > 12''SD,> 12''SD | > 12''SD | > 12''SD | > 12''SD | > 12''SD | > 12''SD | > 12''SD | > 12''SD | > 12''SD | > 12''SD | > 12''SD | > 12''SD | > 12''SD | > 12''SD | > 12''SD | > 12''SD | 12''SD | > 12''SD | > 12''SD | 12''SD | > 12''SD | 12''SD | > 12''SD | > 12''SD
CU300,Overall Utility Plan,Site Utilities,12,Utilities,Furnish & Install 15-Inch Storm Drain Pipe,Storm Sewer Systems,9,RIGHT,"Referenced text (""15''SD | 15''SD | 15''SD | 15''SD | 15''SD FO | > 15''SD | 15''SD | 15''SD | > 8''SS 15''SD"") supports the item; matched terms: drain, pipe, sewer, storm.",15''SD | 15''SD | 15''SD | 15''SD | 15''SD FO | > 15''SD | 15''SD | 15''SD | > 8''SS 15''SD,15''SD | 15''SD | 15''SD | 15''SD | 15''SD | > 15''SD | 15''SD | 15''SD | 15''SD
CU300,Overall Utility Plan,Site Utilities,12,Utilities,Furnish & Install 18-Inch Storm Drain Pipe,Storm Sewer Systems,5,RIGHT,"Referenced text (""18''SD / | 18''SD IRR / | 18''SD IRR | 18''SD | 18''SD"") supports the item; matched terms: drain, pipe, storm.",18''SD / | 18''SD IRR / | 18''SD IRR | 18''SD | 18''SD,18''SD | 18''SD | 18''SD | 18''SD | 18''SD
CU300,Overall Utility Plan,Site Utilities,12,Utilities,Furnish & Install 6-Inch Sanitary Sewer Pipe,Sanitary Sewer Systems,1,RIGHT,"Referenced text (""6''SS"") supports the item; matched terms: pipe, sanitary, sewer.",6''SS,6''SS
CU300,Overall Utility Plan,Site Utilities,12,Utilities,Furnish & Install 8-Inch Sanitary Sewer Pipe,Sanitary Sewer Systems,35,RIGHT,"Referenced text (""> 8''SS FH | > 8''SS / | > 8''SS | > 8''SS | > 8''SS | > 8''SS | > 8''SS BASIN | > 8''SS | > 8''SS 15''SD | > 8''SS | > 8''SS | > 8''SS | > 8''SS | > "") supports the item; matched terms: pipe, sanitary, sewer.",> 8''SS FH | > 8''SS / | > 8''SS | > 8''SS | > 8''SS | > 8''SS | > 8''SS BASIN | > 8''SS | > 8''SS 15''SD | > 8''SS | > 8''SS | > 8''SS | > 8''SS | > 8''SS | 8''W > 8''SS | > 8''SS | > 8''SS | > 8''SS | > 8''SS | > 8''SS | > 8''SS PB | > 8''SS | > 8''SS > / | > 8''SS > | > 8''SS | > 8''SS | > 8''SS > 12''SD | / > 8''SS | / > 8''SS | > 8''SS | > 8''SS | > 8''SS | > 8''SS > 12''SD | 8''SS | > 8''SS,> 8''SS | > 8''SS | > 8''SS | > 8''SS | > 8''SS | > 8''SS | > 8''SS | > 8''SS | > 8''SS | > 8''SS | > 8''SS | > 8''SS | > 8''SS | > 8''SS | > 8''SS | > 8''SS | > 8''SS | > 8''SS | > 8''SS | > 8''SS | > 8''SS | > 8''SS | > 8''SS | > 8''SS | > 8''SS | > 8''SS | > 8''SS | > 8''SS | > 8''SS | > 8''SS | > 8''SS | > 8''SS | > 8''SS | 8''SS | > 8''SS
CU300,Overall Utility Plan,Site Utilities,12,Utilities,Furnish & Install 4-Inch Water Pipe,Water Utility Distribution,1,RIGHT,"Referenced text (""/ 4''W"") supports the item; matched terms: pipe, water.",/ 4''W,4''W
CU300,Overall Utility Plan,Site Utilities,12,Utilities,Furnish & Install 8-Inch Water Pipe,Water Utility Distribution,31,RIGHT,"Referenced text (""/ 8''W | / 8''W | / 8''W > 12''SD | / 8''W > | / 8''W > | / 8''W | 8''W PB FH | 8''W | 8''W | 8''W | 8''W | 8''W | 8''W | 8''W | 8''W | / 8''W > > | /"") supports the item; matched terms: pipe, water.",/ 8''W | / 8''W | / 8''W > 12''SD | / 8''W > | / 8''W > | / 8''W | 8''W PB FH | 8''W | 8''W | 8''W | 8''W | 8''W | 8''W | 8''W | 8''W | / 8''W > > | / 8''W | / 8''W | 8''W | 8''W | 8''W | 8''W | 8''W | 8''W | 8''W | 8''W | / 8''W > | / 8''W > | / 8''W > | / 8''W | / 8''W,8''W | 8''W | 8''W | 8''W | 8''W | 8''W | 8''W | 8''W | 8''W | 8''W | 8''W | 8''W | 8''W | 8''W | 8''W | 8''W | 8''W | 8''W | 8''W | 8''W | 8''W | 8''W | 8''W | 8''W | 8''W | 8''W | 8''W | 8''W | 8''W | 8''W | 8''W
CU300,Overall Utility Plan,Site Utilities,12,Utilities,Furnish & Install Plugged and Capped Utility Stubouts,Others,1,RIGHT,"Referenced text (""UTILITY STUBOUTS FOR FUTURE BUILDING TYP. PLUG AND CAP TYP."") supports the item; matched terms: stubout, stubouts, utility.",UTILITY STUBOUTS FOR FUTURE BUILDING TYP. PLUG AND CAP TYP.,UTILITY STUBOUTS FOR FUTURE BUILDING TYP. PLUG AND CAP TYP.
CU300,Overall Utility Plan,Site Utilities,12,Utilities,Refer to the Utilities schedules,Schedules,1,RIGHT,[Manual review] Referenced text is the actual Utility Structure Label / Detail # schedule table on this sheet.,"UTILITY STRUCTURE LABEL DETAIL # CB (24""Ø CATCH BASIN ) ADS (15""Ø AREA DRAIN) ADP (12Ø AREA DRAIN PLANTER) AD (18""Ø AREA DRAIN) SDCO AND SSCO (SINGLE C.O.) FH (FIRE HYDRANT) SDMH (PRETREATMENT MANHOLE) CIB (CURB INLET BASN) SSMH AND SDMH ( 7' OR DEEPER MANHOLE) SDMH (SHALLOW MANHOLE LESS THAN 7' DEEP) SSMH DROP MANHOLE COB - STORM DRAIN CLEAN OUT BOX DS - ROOF DRAIN CONNECTION OVERFLOW BOX PRE-TRE",Utility Structure Label
CU300,Overall Utility Plan,Site Utilities,12,Electrical Utilities,Furnish & Install New Power Connection And Utility Coordination,Electrical Utility Transmission & Distribution,1,RIGHT,"Referenced text (""NEW POWER CONNECTION REFER TO ELECTRICAL PLANS"") supports the item; matched terms: connection, electrical, new, power.",NEW POWER CONNECTION REFER TO ELECTRICAL PLANS,NEW POWER CONNECTION REFER TO ELECTRICAL PLANS
CU300,Overall Utility Plan,Site Utilities,12,Electrical,Furnish & Install Site Lighting System,Others,1,RIGHT,"Referenced text (""WILL REQUIRE 21. LIGHT POLE BASE DETAILS ARE SHOWN ON THE ELECTRICAL DETAILS AS NOTED IN THE UTILITY STRUCTURE TABLE. REFER TO THE ELECTRICAL PLANS FO"") supports the item; matched terms: light, system.","WILL REQUIRE 21. LIGHT POLE BASE DETAILS ARE SHOWN ON THE ELECTRICAL DETAILS AS NOTED IN THE UTILITY STRUCTURE TABLE. REFER TO THE ELECTRICAL PLANS FOR CONDUIT, WIRING, LIGHT POLE SIZES, AND REQUIREMENTS FOR THE ELECTRICAL SYSTEM.","21. LIGHT POLE BASE DETAILS ARE SHOWN ON THE ELECTRICAL DETAILS AS NOTED IN THE UTILITY STRUCTURE TABLE. REFER TO THE ELECTRICAL PLANS FOR CONDUIT, WIRING, LIGHT POLE SIZES, AND REQUIREMENTS FOR THE ELECTRICAL SYSTEM."
CU300,Overall Utility Plan,Site Utilities,12,Communications,Furnish & Install Network Cabling and Data Outlets,Structured Cabling,1,WRONG,"All referenced regions are title-block/page furniture - e.g. the architect's own office address/phone (""http://www.archnexus.com"") - not a scope of work.",http://www.archnexus.com,http://www.archnexus.com
CU320,Storm Drain Plan And Profile,Civil,13,Demolition,Furnish & Install Demolition of Existing Storm Drain Lines,Exterior Demolition,1,RIGHT,"Referenced text (""14. CONNECT TO EXISTING CONCRETE PIPE WITH ""MARMAC"" OR APPROVED EQUIVALENT PIPE CONNECTOR OF DISSIMILAR PIPE."") supports the item; matched terms: exist, existing.","14. CONNECT TO EXISTING CONCRETE PIPE WITH ""MARMAC"" OR APPROVED EQUIVALENT PIPE CONNECTOR OF DISSIMILAR PIPE.","14. CONNECT TO EXISTING CONCRETE PIPE WITH ""MARMAC"" OR APPROVED EQUIVALENT PIPE CONNECTOR OF DISSIMILAR PIPE."
CU320,Storm Drain Plan And Profile,Civil,13,Fire Suppression,Furnish & Install — Fire Department Connections (FDC),Standpipes,15,RIGHT,"Referenced text (""FDC | > FDC | FDC | FDC | FDC | FDC | FDC | FDC | FDC | FDC | FDC | FDC | FDC | FDC | FDC"") supports the item; matched terms: fdc.",FDC | > FDC | FDC | FDC | FDC | FDC | FDC | FDC | FDC | FDC | FDC | FDC | FDC | FDC | FDC,FDC | FDC | FDC | FDC | FDC | FDC | FDC | FDC | FDC | FDC | FDC | FDC | FDC | FDC | FDC
CU320,Storm Drain Plan And Profile,Civil,13,Fire Suppression,Furnish & Install — Fire Hydrants,Standpipes,5,RIGHT,"Referenced text (""FH | FH | FH | FH | FH"") supports the item; matched terms: fire, hydrant, hydrants.",FH | FH | FH | FH | FH,FH | FH | FH | FH | FH
CU320,Storm Drain Plan And Profile,Civil,13,Plumbing,Provide connection of building downspouts to the storm drain piping system,,1,RIGHT,"Referenced text (""2. ROOF DRAIN DATA IS SHOWN ON STORM DRAIN PLAN AND PROFILE SHEETS. CONNECT DOWN SPOUTS TO STORM DRAIN PIPING PER DETAIL ON SHEET C102."") supports the item; matched terms: drain, pip, piping, storm.",2. ROOF DRAIN DATA IS SHOWN ON STORM DRAIN PLAN AND PROFILE SHEETS. CONNECT DOWN SPOUTS TO STORM DRAIN PIPING PER DETAIL ON SHEET C102.,2. ROOF DRAIN DATA IS SHOWN ON STORM DRAIN PLAN AND PROFILE SHEETS. CONNECT DOWN SPOUTS TO STORM DRAIN PIPING PER DETAIL ON SHEET C102.
CU320,Storm Drain Plan And Profile,Civil,13,Earthwork,"Furnish & Install General Excavation, Trenching, and Backfill",Excavation & Backfill,2,RIGHT,"Referenced text (""4. REFER TO NOTES ON CU300 FOR GENERAL UTILITY NOTES, TYP. | 9. CONTRACTOR REQUIRED TO OBTAIN NECESSARY PERMITS FROM PROVO CITY PRIOR TO ANY NEW CONNE"") supports the item; matched terms: general.","4. REFER TO NOTES ON CU300 FOR GENERAL UTILITY NOTES, TYP. | 9. CONTRACTOR REQUIRED TO OBTAIN NECESSARY PERMITS FROM PROVO CITY PRIOR TO ANY NEW CONNECTIONS. REFER TO NOTES ON C100.","4. REFER TO NOTES ON CU300 FOR GENERAL UTILITY NOTES, TYP. | 9. CONTRACTOR REQUIRED TO OBTAIN NECESSARY PERMITS FROM PROVO CITY PRIOR TO ANY NEW CONNECTIONS. REFER TO NOTES ON C100."
CU320,Storm Drain Plan And Profile,Civil,13,Earthwork,"Furnish & Install Fill, Base Course, and Bedding Materials",Excavation & Backfill,1,RIGHT,"Referenced text (""3. PROVIDE 12"" MIN. CLEARANCE BETWEEN STORM DRAIN LINES AND OTHER UTILITIES CROSSING THE STORM DRAIN. USE FLOWABLE FILL PER APWA SPECIFICATIONS BETWEE"") supports the item; matched terms: fill.","3. PROVIDE 12"" MIN. CLEARANCE BETWEEN STORM DRAIN LINES AND OTHER UTILITIES CROSSING THE STORM DRAIN. USE FLOWABLE FILL PER APWA SPECIFICATIONS BETWEEN UTILITIES WITH 12"" OR SLIGHTLY LESS CLEARANCE.","3. PROVIDE 12"" MIN. CLEARANCE BETWEEN STORM DRAIN LINES AND OTHER UTILITIES CROSSING THE STORM DRAIN. USE FLOWABLE FILL PER APWA SPECIFICATIONS BETWEEN UTILITIES WITH 12"" OR SLIGHTLY LESS CLEARANCE."
CU320,Storm Drain Plan And Profile,Civil,13,Earthwork,Furnish & Install Site Grading,Site Grading,2,RIGHT,"Referenced text (""EXISTING GRADE | FINISH GRADE"") supports the item; matched terms: grade, grading.",EXISTING GRADE | FINISH GRADE,EXISTING GRADE | FINISH GRADE
CU320,Storm Drain Plan And Profile,Civil,13,Earthwork,Furnish & Install Survey and Layout,Others,4,RIGHT,"Referenced text (""FF=76.50 | FF=81.00 | FF=75.00 | FF=8"") supports the item; matched terms: layout, survey.",FF=76.50 | FF=81.00 | FF=75.00 | FF=8,FF=76.50 | FF=81.00 | FF=75.00 | FF=8
CU320,Storm Drain Plan And Profile,Civil,13,Landscaping,Provide Coordination And Clarifications For Landscaping Scope,Others,1,RIGHT,"Referenced text (""5. POT HOLE ALL EXISTING UTILITY CROSSINGS FOR NEW STORM DRAIN SEWER LINES, LOWER OR RAISE COMMUNICATIONS, ELECTRICAL, OR GAS LINES TO PROVIDE PROPER "") supports the item; matched terms: other, provide.","5. POT HOLE ALL EXISTING UTILITY CROSSINGS FOR NEW STORM DRAIN SEWER LINES, LOWER OR RAISE COMMUNICATIONS, ELECTRICAL, OR GAS LINES TO PROVIDE PROPER VERTICAL ALIGNMENT FOR THE GRAVITY LINES. LOWER EXISTING OR NEW WATER LINES WHERE CONFLICTS OCCUR WITH DRAIN LINES OR OTHER EXISTING UTILITIES. WHERE CROSSING OF THE EXISTING UTILITY TUNNEL OCCURS, POTHOLE TUNNEL TO INSURE PIPING CLEARS TUNNEL STRUCT","5. POT HOLE ALL EXISTING UTILITY CROSSINGS FOR NEW STORM DRAIN SEWER LINES, LOWER OR RAISE COMMUNICATIONS, ELECTRICAL, OR GAS LINES TO PROVIDE PROPER VERTICAL ALIGNMENT FOR THE GRAVITY LINES. LOWER EXISTING OR NEW WATER LINES WHERE CONFLICTS OCCUR WITH DRAIN LINES OR OTHER EXISTING UTILITIES. WHERE CROSSING OF THE EXISTING UTILITY TUNNEL OCCURS, POTHOLE TUNNEL TO INSURE PIPING CLEARS TUNNEL STRUCT"
CU320,Storm Drain Plan And Profile,Civil,13,Utilities,Furnish & Install Storm Drain Manholes,Utility Structures & Manholes,14,RIGHT,"Referenced text (""SDMH-1 | SDMH-2 STA:23+97.92 RIM:4784.20 N=4291.27 E=4723.10 | SDMH-3 STA:22+74.47 RIM:4778.95 N=4218.86 E=4624.36 | SDMH-4 STA:21+48.52 RIM:4773.75 N"") supports the item; matched terms: drain, manhole, manholes, storm.",SDMH-1 | SDMH-2 STA:23+97.92 RIM:4784.20 N=4291.27 E=4723.10 | SDMH-3 STA:22+74.47 RIM:4778.95 N=4218.86 E=4624.36 | SDMH-4 STA:21+48.52 RIM:4773.75 N=4101.83 E=4577.77 | SDMH-5 STA:20+75.74 RIM:4771.40 N=4060.97 E=4517.55 | G SDMH-6 STA:20+00.00 RIM:4768.57 N=3990.17 E=4490.65 | SDMH-7 | 9. CONTRACTOR REQUIRED TO OBTAIN NECESSARY PERMITS FROM PROVO CITY PRIOR TO ANY NEW CONNECTIONS. REFER TO NOTE,SDMH-1 | SDMH-2 STA:23+97.92 RIM:4784.20 N=4291.27 E=4723.10 | SDMH-3 STA:22+74.47 RIM:4778.95 N=4218.86 E=4624.36 | SDMH-4 STA:21+48.52 RIM:4773.75 N=4101.83 E=4577.77 | SDMH-5 STA:20+75.74 RIM:4771.40 N=4060.97 E=4517.55 | SDMH-6 STA:20+00.00 RIM:4768.57 N=3990.17 E=4490.65 | SDMH-7 | 9. CONTRACTOR REQUIRED TO OBTAIN NECESSARY PERMITS FROM PROVO CITY PRIOR TO ANY NEW CONNECTIONS. REFER TO NOTES 
CU320,Storm Drain Plan And Profile,Civil,13,Utilities,Furnish & Install Overflow Boxes,Utility Structures & Manholes,4,RIGHT,"Referenced text (""OVERFLOW BOX-1 STA:23+62.39 RIM:4782.08 N=4266.00 E=4698.08 | OVERFLOW BOX-2 STA:10+31.09 RIM:4772.15 N=4085.68 E=4499.05 | OVERFLOW BOX-1 STA:23+62.3"") supports the item; matched terms: overflow.","OVERFLOW BOX-1 STA:23+62.39 RIM:4782.08 N=4266.00 E=4698.08 | OVERFLOW BOX-2 STA:10+31.09 RIM:4772.15 N=4085.68 E=4499.05 | OVERFLOW BOX-1 STA:23+62.39 RIM:4782.04 15"" INV IN:4775.95 HDPE 12"" INV IN:4775.85 HDPE 15"" INV OUT:4775.70 HDPE | OVERFLOW BOX-2 STA:10+31.09 RIM:4772.15 12"" INV IN:4765.96 HDPE 12"" INV OUT:4765.90 HDPE","OVERFLOW BOX-1 STA:23+62.39 RIM:4782.08 N=4266.00 E=4698.08 | OVERFLOW BOX-2 STA:10+31.09 RIM:4772.15 N=4085.68 E=4499.05 | OVERFLOW BOX-1 STA:23+62.39 RIM:4782.04 15"" INV IN:4775.95 HDPE 12"" INV IN:4775.85 HDPE 15"" INV OUT:4775.70 HDPE | OVERFLOW BOX-2 STA:10+31.09 RIM:4772.15 12"" INV IN:4765.96 HDPE 12"" INV OUT:4765.90 HDPE"
CU320,Storm Drain Plan And Profile,Civil,13,Utilities,Furnish & Install Catch Basins and Inlet Boxes,Utility Structures & Manholes,5,RIGHT,"Referenced text (""CIB-1 PRETREATMENT | CIB-7 PRETREATMENT | CIB-14 | CIB-6 | CIB-5"") supports the item; matched terms: basin, basins, boxes, catch, inlet.",CIB-1 PRETREATMENT | CIB-7 PRETREATMENT | CIB-14 | CIB-6 | CIB-5,CIB-1 PRETREATMENT | CIB-7 PRETREATMENT | CIB-14 | CIB-6 | CIB-5
CU320,Storm Drain Plan And Profile,Civil,13,Utilities,Furnish & Install Area Drains,Utility Structures & Manholes,56,RIGHT,"Referenced text (""ADS-2 | ADS-1 | ADS-59 | ADS-58 | ADS-57 | ADS-56 | > ADS-55 | ADS-54 | ADS-39 | ADS-38 | ADS-25 | ADS-26 | ADS-24 | ADS-37 | ADS-23 | ADS-36 | ADS-35"") supports the item; matched terms: area, drain, drains.",ADS-2 | ADS-1 | ADS-59 | ADS-58 | ADS-57 | ADS-56 | > ADS-55 | ADS-54 | ADS-39 | ADS-38 | ADS-25 | ADS-26 | ADS-24 | ADS-37 | ADS-23 | ADS-36 | ADS-35 | ADS-22 | ADS-148 | > ADS-100 | ADS-50 | ADS-51 | ADS-53 | ADS-52 | ADS-64 | ADS-65 | ADS-66 | ADS-67 | ADS-68 | ADS-69 | ADS-70 | ADS-72 | ADS-71 | ADS-73 | > ADS-74 | > > > FO ADS-99 | ADS-102 | ADS-101 | ADS-63 | ADS-146 | ADS-145 | ADS-144 | AD,ADS-2 | ADS-1 | ADS-59 | ADS-58 | ADS-57 | ADS-56 | ADS-55 | ADS-54 | ADS-39 | ADS-38 | ADS-25 | ADS-26 | ADS-24 | ADS-37 | ADS-23 | ADS-36 | ADS-35 | ADS-22 | ADS-148 | ADS-100 | ADS-50 | ADS-51 | ADS-53 | ADS-52 | ADS-64 | ADS-65 | ADS-66 | ADS-67 | ADS-68 | ADS-69 | ADS-70 | ADS-72 | ADS-71 | ADS-73 | ADS-74 | ADS-99 | ADS-102 | ADS-101 | ADS-63 | ADS-146 | ADS-145 | ADS-144 | ADS-143 | ADS-103
CU320,Storm Drain Plan And Profile,Civil,13,Utilities,Furnish and Install 15 inch HDPE storm drain pipe,,39,RIGHT,"Referenced text (""125.96' of 15"" HDPE @ 5.56% | 87.52' of 15"" HDPE @ 1.94% | 35.55' of 15"" HDPE @ 1.19% | 72.78' of 15"" HDPE @ 3.71% | 8''SS > 15''SD > > 75.74' of 15"" "") supports the item; matched terms: drain, hdpe, pipe, storm.","125.96' of 15"" HDPE @ 5.56% | 87.52' of 15"" HDPE @ 1.94% | 35.55' of 15"" HDPE @ 1.19% | 72.78' of 15"" HDPE @ 3.71% | 8''SS > 15''SD > > 75.74' of 15"" HDPE @ 0.99% | 15''SD | 15''SD | 15''SD | 15''SD | 15''SD | 15''SD | 15''SD FO | 15''SD | 15''SD | 15''SD | 15''SD | 15''SD | 15''SD | 15''SD | 15''SD | 15''SD @ | 15''SD | 15''SD | 15''SD | 15''SD | 15''SD | 15''SD FO | 15''SD | 15''SD | 15''SD | 15","125.96' of 15"" HDPE @ 5.56% | 87.52' of 15"" HDPE @ 1.94% | 35.55' of 15"" HDPE @ 1.19% | 72.78' of 15"" HDPE @ 3.71% | 75.74' of 15"" HDPE @ 0.99% | 15''SD | 15''SD | 15''SD | 15''SD | 15''SD | 15''SD | 15''SD | 15''SD | 15''SD | 15''SD | 15''SD | 15''SD | 15''SD | 15''SD | 15''SD | 15''SD | 15''SD | 15''SD | 15''SD | 15''SD | 15''SD | 15''SD | 15''SD | 15''SD | 15''SD | 15''SD | > 15''SD | > 15''SD "
CU320,Storm Drain Plan And Profile,Civil,13,Utilities,Furnish & Install 12-Inch Storm Drain Pipe,Storm Sewer Systems,24,RIGHT,"Referenced text (""> 12''SD | > 12''SD | > 12''SD | > 12''SD | > 12''SD FO | > > 12''SD | > 12''SD PB | > 12''SD | > 12''SD | > 12''SD | > 12''SD | 12''SD | 12''SD | 12'"") supports the item; matched terms: drain, pipe, storm.","> 12''SD | > 12''SD | > 12''SD | > 12''SD | > 12''SD FO | > > 12''SD | > 12''SD PB | > 12''SD | > 12''SD | > 12''SD | > 12''SD | 12''SD | 12''SD | 12''SD | 12''SD | 12''SD | 12''SD | 12''SD | 12''SD | 12''SD | 12''SD | NEW 12"" STORM DRAIN STA:21+34.32 INV:4770.14 | 30.86' of 12"" HDPE @ 0.49% | 30.86' of 12"" HDPE @ 0.49%","> 12''SD | > 12''SD | > 12''SD | > 12''SD | > 12''SD | > 12''SD | > 12''SD | > 12''SD | > 12''SD | > 12''SD | > 12''SD | 12''SD | 12''SD | 12''SD | 12''SD | 12''SD | 12''SD | 12''SD | 12''SD | 12''SD | 12''SD | NEW 12"" STORM DRAIN STA:21+34.32 INV:4770.14 | 30.86' of 12"" HDPE @ 0.49% | 30.86' of 12"" HDPE @ 0.49%"
CU320,Storm Drain Plan And Profile,Civil,13,Utilities,Furnish & Install 10-Inch Storm Drain Pipe,Storm Sewer Systems,12,RIGHT,"Referenced text (""> 10''SD PB | > 10''SD | > 10''SD | > 10''SD | > 10''SD | > 10''SD | > 10''SD | > 10''SD | > 10''SD > | > 10''SD | > 10''SD / | > 10''SD > >"") supports the item; matched terms: drain, pipe, storm.",> 10''SD PB | > 10''SD | > 10''SD | > 10''SD | > 10''SD | > 10''SD | > 10''SD | > 10''SD | > 10''SD > | > 10''SD | > 10''SD / | > 10''SD > >,> 10''SD | > 10''SD | > 10''SD | > 10''SD | > 10''SD | > 10''SD | > 10''SD | > 10''SD | > 10''SD | > 10''SD | > 10''SD | > 10''SD
CU320,Storm Drain Plan And Profile,Civil,13,Utilities,Furnish & Install 8-Inch Storm Drain Pipe,Storm Sewer Systems,39,RIGHT,"Referenced text (""> 8''SD | > 8''SD / | > 8''SD > | > 8''SD > | > 8''SD | > 8''SD | > 8''SD | > 8''SD | > 8''SD | > 8''SD | > 8''SD G | > 8''SD > | > 8''SD | > 8''SD | "") supports the item; matched terms: drain, pipe, storm.",> 8''SD | > 8''SD / | > 8''SD > | > 8''SD > | > 8''SD | > 8''SD | > 8''SD | > 8''SD | > 8''SD | > 8''SD | > 8''SD G | > 8''SD > | > 8''SD | > 8''SD | > 8''SD > | > 8''SD > | > 8''SD | > > 8''SD PB | > 8''SD / | > 8''SD / | > > 8''SD | > 8''SD | > 8''SD | > 8''SD / | > 8''SD | > 8''SD > | > 8''SD | > 8''SD | > 8''SD | > 8''SD | > 8''SD | > 8''SD | > 8''SD | > > 8''SD | > 8''SD | > 8''SD > | > 8''SD,> 8''SD | > 8''SD | > 8''SD | > 8''SD | > 8''SD | > 8''SD | > 8''SD | > 8''SD | > 8''SD | > 8''SD | > 8''SD | > 8''SD | > 8''SD | > 8''SD | > 8''SD | > 8''SD | > 8''SD | > 8''SD | > 8''SD | > 8''SD | > 8''SD | > 8''SD | > 8''SD | > 8''SD | > 8''SD | > 8''SD | > 8''SD | > 8''SD | > 8''SD | > 8''SD | > 8''SD | > 8''SD | > 8''SD | > 8''SD | > 8''SD | > 8''SD | > 8''SD | > 8''SD | 8''SD
CU320,Storm Drain Plan And Profile,Civil,13,Utilities,Furnish & Install General Storm Drain Pipe and Connections,Storm Sewer Systems,7,RIGHT,"Referenced text (""SD-2 | > SD-2 | > > SD-2 | > SD-2 | > > SD-2 | / > > SD-1 | SD"") supports the item; matched terms: drain, storm.",SD-2 | > SD-2 | > > SD-2 | > SD-2 | > > SD-2 | / > > SD-1 | SD,SD-2 | SD-2 | SD-2 | SD-2 | SD-2 | SD-1 | SD
CU320,Storm Drain Plan And Profile,Civil,13,Utilities,Furnish & Install 8-Inch Water Pipe,Water Utility Distribution,37,RIGHT,"Referenced text (""8''W | / 8''W | / 8''W | 8''W | 8''W | 8''W | / 8''W | / 8''W | / 8''W | / 8''W | / 8''W | / 8''W | / 8''W | / 8''W | / 8''W | / 8''W | / 8''W | / 8''"") supports the item; matched terms: pipe, water.","8''W | / 8''W | / 8''W | 8''W | 8''W | 8''W | / 8''W | / 8''W | / 8''W | / 8''W | / 8''W | / 8''W | / 8''W | / 8''W | / 8''W | / 8''W | / 8''W | / 8''W | / 8''W | / 8''W > | / 8''W | / 8''W | / 8''W | / 8''W | / 8''W | / 8''W | / 8''W | / 8''W | / 8''W | / 8''W | / 8''W | / 8''W | / 8''W | / 8''W | > / 8''W | NEW 8"" WATER STA:20+83.07 INV:4766.47 | NEW 8"" WATER STA:23+88.43 INV:4778.65","8''W | 8''W | 8''W | 8''W | 8''W | 8''W | 8''W | 8''W | 8''W | 8''W | 8''W | 8''W | 8''W | 8''W | 8''W | 8''W | 8''W | 8''W | 8''W | 8''W | 8''W | 8''W | 8''W | 8''W | 8''W | 8''W | 8''W | 8''W | 8''W | 8''W | 8''W | 8''W | 8''W | 8''W | 8''W | NEW 8"" WATER STA:20+83.07 INV:4766.47 | NEW 8"" WATER STA:23+88.43 INV:4778.65"
CU320,Storm Drain Plan And Profile,Civil,13,Utilities,Furnish & Install 6-Inch Water Pipe,Water Utility Distribution,1,RIGHT,"Referenced text (""/ 6''W 21+00"") supports the item; matched terms: pipe, water.",/ 6''W 21+00,6''W
CU320,Storm Drain Plan And Profile,Civil,13,Utilities,Furnish & Install 2-Inch Water Pipe and Service Connections,Water Utility Distribution,24,RIGHT,"Referenced text (""/ 2''W | > / 2''W | / 2''W | > / 2''W | > / 2''W | > / 2''W | > / 2''W | > / 2''W | / 2''W | > / 2''W | / 2''W | 8''SS / 2''W | / 2''W | > / 2''W | / "") supports the item; matched terms: pipe, water.",/ 2''W | > / 2''W | / 2''W | > / 2''W | > / 2''W | > / 2''W | > / 2''W | > / 2''W | / 2''W | > / 2''W | / 2''W | 8''SS / 2''W | / 2''W | > / 2''W | / 2''W | > > / 2''W | / 2''W | > / 2''W | / 2''W | > / 2''W | / 2''W | > / 2''W | / 2''W | / 2''W,2''W | 2''W | 2''W | 2''W | 2''W | 2''W | 2''W | 2''W | 2''W | 2''W | 2''W | 2''W | 2''W | 2''W | 2''W | 2''W | 2''W | 2''W | 2''W | 2''W | 2''W | 2''W | 2''W | 2''W
CU320,Storm Drain Plan And Profile,Civil,13,Utilities,Furnish & Install 8-Inch Sanitary Sewer Pipe,Sanitary Sewer Systems,38,RIGHT,"Referenced text (""> 8''SS | > 8''SS | > 8''SS / 8''W | > 8''SS | > 8''SS | 8''SS | > 8''SS | > 8''SS | > 8''SS | > 8''SS | > 8''SS | > 8''SS | > 8''SS | > 8''SS | > 8''"") supports the item; matched terms: pipe, sanitary, sewer.","> 8''SS | > 8''SS | > 8''SS / 8''W | > 8''SS | > 8''SS | 8''SS | > 8''SS | > 8''SS | > 8''SS | > 8''SS | > 8''SS | > 8''SS | > 8''SS | > 8''SS | > 8''SS | 8''SS | > 8''SS | > 8''SS | > 8''SS | > 8''SS | > 8''SS | > 8''SS | > 8''SS | > 8''SS | > 8''SS | > 8''SS | > 8''SS | > 8''SS | > 8''SS | > 8''SS | > 8''SS | > 8''SS | > 8''SS | > 8''SS | > 8''SS | > 8''SS | > 8''SS | NEW 8"" SEWER STA:10+12.45 I","> 8''SS | > 8''SS | > 8''SS | > 8''SS | > 8''SS | 8''SS | > 8''SS | > 8''SS | > 8''SS | > 8''SS | > 8''SS | > 8''SS | > 8''SS | > 8''SS | > 8''SS | 8''SS | > 8''SS | > 8''SS | > 8''SS | > 8''SS | > 8''SS | > 8''SS | > 8''SS | > 8''SS | > 8''SS | > 8''SS | > 8''SS | > 8''SS | > 8''SS | > 8''SS | > 8''SS | > 8''SS | > 8''SS | > 8''SS | > 8''SS | > 8''SS | > 8''SS | NEW 8"" SEWER STA:10+12.45 INV:4763"
CU320,Storm Drain Plan And Profile,Civil,13,Utilities,Furnish & Install 6-Inch Sanitary Sewer Pipe,Sanitary Sewer Systems,26,RIGHT,"Referenced text (""6''SS | 6''SS | 6''SS | 6''SS | 6''SS | 6''SS | 6''SS | 6''SS | 6''SS | 6''SS | 6''SS | 6''SS | 6''SS | 6''SS | 6''SS | 6''SS | 6''SS | 6''SS | 6''SS "") supports the item; matched terms: pipe, sanitary, sewer.",6''SS | 6''SS | 6''SS | 6''SS | 6''SS | 6''SS | 6''SS | 6''SS | 6''SS | 6''SS | 6''SS | 6''SS | 6''SS | 6''SS | 6''SS | 6''SS | 6''SS | 6''SS | 6''SS | 6''SS | 6''SS | 6''SS | 6''SS | 6''SS | 6''SS | 6''SS,6''SS | 6''SS | 6''SS | 6''SS | 6''SS | 6''SS | 6''SS | 6''SS | 6''SS | 6''SS | 6''SS | 6''SS | 6''SS | 6''SS | 6''SS | 6''SS | 6''SS | 6''SS | 6''SS | 6''SS | 6''SS | 6''SS | 6''SS | 6''SS | 6''SS | 6''SS
CU320,Storm Drain Plan And Profile,Civil,13,Utilities,Furnish & Install General Sanitary Sewer Pipe and Laterals,Sanitary Sewer Systems,1,RIGHT,"Referenced text (""SS"") supports the item; matched terms: sanitary, sewer.",SS,SS
CU320,Storm Drain Plan And Profile,Civil,13,Utilities,Furnish & Install Core Drilling for New Pipe Connections,Others,1,RIGHT,"Referenced text (""7. REFER TO NOTES FOR WYE FITTINGS ON PIPE 8"" OR LARGER THAN 8"" ON CU300."") supports the item; matched terms: pipe.","7. REFER TO NOTES FOR WYE FITTINGS ON PIPE 8"" OR LARGER THAN 8"" ON CU300.","7. REFER TO NOTES FOR WYE FITTINGS ON PIPE 8"" OR LARGER THAN 8"" ON CU300."
CU320,Storm Drain Plan And Profile,Civil,13,Utilities,Furnish & Install Trench Drains and Drain Structures,Utility Structures & Manholes,1,WRONG,"[Manual review] Referenced text is note 12, which describes the 15"" storm line routing through Overflow Box-1's orifice plate wall - it does not describe or specify a trench drain. The sheet's actual trench-drain requirements are in a different note (note 13), which is what the 'Pipe Connection Accessories' item on this same sheet points to instead.","12. THE 15"" LINE ROUTES THROUGH OVERFLOW BOX-1 DOWN STREAM ON THE ORIFICE PLATE WALL. REFER TO NOTES ON THE DETAIL ON SHEET C102..","12. THE 15"" LINE ROUTES THROUGH OVERFLOW BOX-1 DOWN STREAM ON THE ORIFICE PLATE WALL. REFER TO NOTES ON THE DETAIL ON SHEET C102.."
CU320,Storm Drain Plan And Profile,Civil,13,Utilities,Furnish & Install Pipe Connection Accessories,Others,1,RIGHT,"[Manual review] Referenced note 13 (""REFER TO NOTES ON CU300 FOR TRENCH DRAIN REQUIREMENTS. CONNECT TRENCH DRAINS TO STORM DRAIN SYSTEM..."") describes a pipe connection instruction, consistent with the item.",13. REFER TO NOTES ON CU300 FOR TRENCH DRAIN REQUIREMENTS. CONNECT TRENCH DRAINS TO STORM DRAIN SYSTEM AS SHOWN ON PLAN AND PROFILE SHEETS.,13. REFER TO NOTES ON CU300 FOR TRENCH DRAIN REQUIREMENTS. CONNECT TRENCH DRAINS TO STORM DRAIN SYSTEM AS SHOWN ON PLAN AND PROFILE SHEETS.
CU320,Storm Drain Plan And Profile,Civil,13,Utilities,Furnish & Install Relocation and Adjustment of Existing Utilities,Others,1,WRONG,"[Manual review] Referenced text (""4. REFER TO NOTES ON CU300 FOR GENERAL UTILITY NOTES, TYP."") is a generic cross-reference pointer, not a description of relocation/adjustment work. It doesn't itself support the item as written.","4. REFER TO NOTES ON CU300 FOR GENERAL UTILITY NOTES, TYP.","4. REFER TO NOTES ON CU300 FOR GENERAL UTILITY NOTES, TYP."
CU320,Storm Drain Plan And Profile,Civil,13,Utilities,"Furnish & Install Phased Installation, Coordination, and Layout",Others,1,RIGHT,"Referenced text (""15. SD-2 AND SD-9 STORM DRAIN LINES MUST BE COMPLETED PRIOR TO ANY DEMO BEING COMPLETED ON THE STORM DRAIN LINES SERVICING AREAS NORTH OF THE SITE. AL"") supports the item; matched terms: other.",15. SD-2 AND SD-9 STORM DRAIN LINES MUST BE COMPLETED PRIOR TO ANY DEMO BEING COMPLETED ON THE STORM DRAIN LINES SERVICING AREAS NORTH OF THE SITE. ALL OTHER STORM LINES MAY BE COMPLETED WITH OTHER PHASE 1 UTILITY CONSTRUCTION.,15. SD-2 AND SD-9 STORM DRAIN LINES MUST BE COMPLETED PRIOR TO ANY DEMO BEING COMPLETED ON THE STORM DRAIN LINES SERVICING AREAS NORTH OF THE SITE. ALL OTHER STORM LINES MAY BE COMPLETED WITH OTHER PHASE 1 UTILITY CONSTRUCTION.
CU320,Storm Drain Plan And Profile,Civil,13,Electrical Utilities,Furnish & Install Electrical Manholes,Underground Ductbanks / Manholes & Handholes,9,RIGHT,"Referenced text (""EM | EM | EM | EM | EM | EM | EM | EM | EM"") supports the item; matched terms: electrical, manhole, manholes.",EM | EM | EM | EM | EM | EM | EM | EM | EM,EM | EM | EM | EM | EM | EM | EM | EM | EM
CU320,Storm Drain Plan And Profile,Civil,13,Electrical Utilities,Furnish & Install Electrical Pull Boxes,Underground Ductbanks / Manholes & Handholes,70,RIGHT,"Referenced text (""PB | / PB | PB | PB | PB | PB | PB | PB | PB | PB | PB | PB | PB | PB | PB | PB | PB | PB | PB | PB | PB | PB | PB | PB | PB | > PB | > PB | > PB | PB"") supports the item; matched terms: boxes, electrical, pull.",PB | / PB | PB | PB | PB | PB | PB | PB | PB | PB | PB | PB | PB | PB | PB | PB | PB | PB | PB | PB | PB | PB | PB | PB | PB | > PB | > PB | > PB | PB > | PB | PB | PB | PB | > PB | PB | PB | PB | PB | PB | PB | PB | PB | G PB | PB | PB | PB | PB | / PB | PB | PB | PB | PB | PB | PB | PB | PB | PB | PB | PB | PB | > PB | PB | PB | > > PB | PB | PB | PB | PB | PB | PB,PB | PB | PB | PB | PB | PB | PB | PB | PB | PB | PB | PB | PB | PB | PB | PB | PB | PB | PB | PB | PB | PB | PB | PB | PB | PB | PB | PB | PB | PB | PB | PB | PB | PB | PB | PB | PB | PB | PB | PB | PB | PB | PB | PB | PB | PB | PB | PB | PB | PB | PB | PB | PB | PB | PB | PB | PB | PB | PB | PB | PB | PB | PB | PB | PB | PB | PB | PB | PB | PB
CU320,Storm Drain Plan And Profile,Civil,13,Communications Utilities,Furnish & Install Optical Fiber Cabling,Optical Fiber Distribution Cabling,39,RIGHT,"Referenced text (""> > FO | > FO | FO | FO | FO | FO | FO | FO | FO | FO | FO | FO | FO | > FO | FO | FO | FO | G FO | FO | FO | FO | FO | FO | > FO | > FO | 12''SD FO |"") supports the item; matched terms: cabling, fiber, optical.",> > FO | > FO | FO | FO | FO | FO | FO | FO | FO | FO | FO | FO | FO | > FO | FO | FO | FO | G FO | FO | FO | FO | FO | FO | > FO | > FO | 12''SD FO | 15''SD FO | > FO | > FO | FO | FO | FO | > FO | FO | FO | FO | FO | FO | > FO ADS-99,FO | FO | FO | FO | FO | FO | FO | FO | FO | FO | FO | FO | FO | FO | FO | FO | FO | FO | FO | FO | FO | FO | FO | FO | FO | FO | FO | FO | FO | FO | FO | FO | FO | FO | FO | FO | FO | FO | FO
CU320,Storm Drain Plan And Profile,Civil,13,Site Improvements,Furnish & Install Concrete Wall Footings,Cast-In-Place Foundations,2,RIGHT,"Referenced text (""1. REFER TO SHEET CU300 FOR DETAIL REFERENCES FOR EACH DRAINAGE STRUCTURE. ONLY MAIN LINES ARE PROFILED. SLOPE AND STRUCTURE INVERTS ARE PROVIDED FOR "") supports the item; matched terms: footing, wall.","1. REFER TO SHEET CU300 FOR DETAIL REFERENCES FOR EACH DRAINAGE STRUCTURE. ONLY MAIN LINES ARE PROFILED. SLOPE AND STRUCTURE INVERTS ARE PROVIDED FOR ALL PIPE SECTIONS THAT ARE NOT PROFILED ON THE STORM DRAIN PLAN AND PROFILE SHEETS. STEP WALL FOOTING PER NOTES ON CU300 FOR STORM DRAIN LINES. | 5. POT HOLE ALL EXISTING UTILITY CROSSINGS FOR NEW STORM DRAIN SEWER LINES, LOWER OR RAISE COMMUNICATION","1. REFER TO SHEET CU300 FOR DETAIL REFERENCES FOR EACH DRAINAGE STRUCTURE. ONLY MAIN LINES ARE PROFILED. SLOPE AND STRUCTURE INVERTS ARE PROVIDED FOR ALL PIPE SECTIONS THAT ARE NOT PROFILED ON THE STORM DRAIN PLAN AND PROFILE SHEETS. STEP WALL FOOTING PER NOTES ON CU300 FOR STORM DRAIN LINES. | 5. POT HOLE ALL EXISTING UTILITY CROSSINGS FOR NEW STORM DRAIN SEWER LINES, LOWER OR RAISE COMMUNICATION"
CG452,Enlarged Hydrology Plan,Civil,14,Earthwork,Furnish & Install Site Grading,Site Grading,12,RIGHT,"Referenced text (""FF=81.50 | FF=75.00 FDC | FF=81.00 | FF=78.25 | FF=72.50 | FF=76.00 | FF=71.00 FDC | FF=69.00 | FF=67.00 | FF=66.50 | FF=67.00 | FF=66.50"") supports the item; matched terms: grading.",FF=81.50 | FF=75.00 FDC | FF=81.00 | FF=78.25 | FF=72.50 | FF=76.00 | FF=71.00 FDC | FF=69.00 | FF=67.00 | FF=66.50 | FF=67.00 | FF=66.50,FF=81.50 | FF=75.00 | FF=81.00 | FF=78.25 | FF=72.50 | FF=76.00 | FF=71.00 | FF=69.00 | FF=67.00 | FF=66.50 | FF=67.00 | FF=66.50
CG452,Enlarged Hydrology Plan,Civil,14,Earthwork,Provide sediment control and basin maintenance during construction,,1,RIGHT,"Referenced text (""1. SEDIMENT WILL NOT BE ALLOWED INTO RETENTION BASIN DURING CONSTRUCTION AND DURING LANDSCAPE STABILIZATION OF SOILS. CONTRACTOR WILL BE REQUIRED TO C"") supports the item; matched terms: basin, construction, dur, during, sediment.",1. SEDIMENT WILL NOT BE ALLOWED INTO RETENTION BASIN DURING CONSTRUCTION AND DURING LANDSCAPE STABILIZATION OF SOILS. CONTRACTOR WILL BE REQUIRED TO CLEAN OR REPLACE RETENTION BASINS THAT ARE NOT MAINTAINED FREE OF SEDIMENT DURING CONSTRUCTION AND DURING ESTABLISHMENT OF ALL LANDSCAPED AREAS.,1. SEDIMENT WILL NOT BE ALLOWED INTO RETENTION BASIN DURING CONSTRUCTION AND DURING LANDSCAPE STABILIZATION OF SOILS. CONTRACTOR WILL BE REQUIRED TO CLEAN OR REPLACE RETENTION BASINS THAT ARE NOT MAINTAINED FREE OF SEDIMENT DURING CONSTRUCTION AND DURING ESTABLISHMENT OF ALL LANDSCAPED AREAS.
CG452,Enlarged Hydrology Plan,Civil,14,Site Improvements,Furnish & Install — ADA Compliant Site Features,Others,7,RIGHT,"Referenced text (""ADA | ADA | ADA ADA | ADA ADA | ADA | ADA | ADA"") supports the item; matched terms: ada.",ADA | ADA | ADA ADA | ADA ADA | ADA | ADA | ADA,ADA | ADA | ADA | ADA | ADA | ADA | ADA
CG452,Enlarged Hydrology Plan,Civil,14,Site Improvements,Refer to the Site Improvements schedules,Schedules,1,RIGHT,"[Manual review] Region overlaps a rasterized (image, no text layer) Water Quality Volume (WQV) calculation table, genuinely present on this sheet (confirmed by visual inspection). Note: this content is stormwater/hydrology data and arguably belongs under a Utilities package rather than ""Site Improvements"" - flagged as a scope-package mislabel, not a fabricated item.",,Wqv (Water Quality Volume)
CG452,Enlarged Hydrology Plan,Civil,14,Irrigation,Furnish & Install Irrigation System Components,Others,10,RIGHT,"Referenced text (""> IRR | > IRR | > IRR | IRR | > IRR | > IRR | > IRR | > IRR | IRR | > IRR"") supports the item; matched terms: irrigation.",> IRR | > IRR | > IRR | IRR | > IRR | > IRR | > IRR | > IRR | IRR | > IRR,IRR | IRR | IRR | IRR | IRR | IRR | IRR | IRR | IRR | IRR
CG452,Enlarged Hydrology Plan,Civil,14,Utilities,Furnish & Install Underground Detention and Retention Systems,Storm Sewer Systems,9,RIGHT,"Referenced text (""BASIN 1 | > > REQUIRED DETENTION: 1,436 CF PROVIDED DETENTION: 1,848 CF PROVIDED RETENTION: 550± CF HIGHWATER ELEVATION: 4,779' BOTTOM OF STONE: 4,775"") supports the item; matched terms: detention, retention, storm, system, underground.","BASIN 1 | > > REQUIRED DETENTION: 1,436 CF PROVIDED DETENTION: 1,848 CF PROVIDED RETENTION: 550± CF HIGHWATER ELEVATION: 4,779' BOTTOM OF STONE: 4,775' PARTIAL DETENTION 0.50 CFS/ACRE APPROXIMATELY 60% DETENTION | BASIN 3 BASIN 3 | > > > > > > > > 10''SD > BASIN 4 BASIN 4 | BASIN 3 REQUIRED DETENTION: 1,692 CF PROVIDED DETENTION: 2,232 CF PROVIDED RETENTION: 250± CF HIGHWATER ELEVATION: 4,771.50' ","BASIN 1 | REQUIRED DETENTION: 1,436 CF PROVIDED DETENTION: 1,848 CF PROVIDED RETENTION: 550± CF HIGHWATER ELEVATION: 4,779' BOTTOM OF STONE: 4,775' PARTIAL DETENTION 0.50 CFS/ACRE APPROXIMATELY 60% DETENTION | BASIN 3 BASIN 3 | BASIN 4 BASIN 4 | BASIN 3 REQUIRED DETENTION: 1,692 CF PROVIDED DETENTION: 2,232 CF PROVIDED RETENTION: 250± CF HIGHWATER ELEVATION: 4,771.50' BOTTOM OF STONE: 4,767.50' PA"
CG452,Enlarged Hydrology Plan,Civil,14,Utilities,Furnish & Install Pretreatment Catch Basins and Inserts,Utility Structures & Manholes,3,RIGHT,"Referenced text (""PRETREATMENT CATCH BASIN SNOUT EAST INVERT | FH PRETREATMENT CATCH BASIN SNOUT EAST INVERT | PRETREATMENT CATCH BASIN SNOUT NE INVERT"") supports the item; matched terms: basin, catch, pretreatment.",PRETREATMENT CATCH BASIN SNOUT EAST INVERT | FH PRETREATMENT CATCH BASIN SNOUT EAST INVERT | PRETREATMENT CATCH BASIN SNOUT NE INVERT,PRETREATMENT CATCH BASIN SNOUT EAST INVERT | PRETREATMENT CATCH BASIN SNOUT EAST INVERT | PRETREATMENT CATCH BASIN SNOUT NE INVERT
CG452,Enlarged Hydrology Plan,Civil,14,Utilities,Furnish & Install Overflow Boxes,Utility Structures & Manholes,3,RIGHT,"Referenced text (""OVERFLOW BOX W/ ORIFICE PLATE | 8''SD OVERFLOW BOX W/ ORIFICE PLATE | OVERFLOW BOX W/ ORIFICE PLATE"") supports the item; matched terms: overflow.",OVERFLOW BOX W/ ORIFICE PLATE | 8''SD OVERFLOW BOX W/ ORIFICE PLATE | OVERFLOW BOX W/ ORIFICE PLATE,OVERFLOW BOX W/ ORIFICE PLATE | OVERFLOW BOX W/ ORIFICE PLATE | OVERFLOW BOX W/ ORIFICE PLATE
CG452,Enlarged Hydrology Plan,Civil,14,Utilities,Furnish & Install Fire Hydrants and Fire Department Connections,Water Utility Distribution,18,RIGHT,"Referenced text (""FH | FH | FH 10''SD | FH | FH | FH | FH | FH | FH | FH | FH | FH 10''SD | FH | FH | FH | FH | FH | FH"") supports the item; matched terms: fire, hydrant, hydrants.",FH | FH | FH 10''SD | FH | FH | FH | FH | FH | FH | FH | FH | FH 10''SD | FH | FH | FH | FH | FH | FH,FH | FH | FH | FH | FH | FH | FH | FH | FH | FH | FH | FH | FH | FH | FH | FH | FH | FH
CG452,Enlarged Hydrology Plan,Civil,14,Utilities,Furnish & Install 5-Inch Storm Drain Pipe,Storm Sewer Systems,3,RIGHT,"Referenced text (""5''SD | 5''SD | 5''SD"") supports the item; matched terms: drain, pipe, storm.",5''SD | 5''SD | 5''SD,5''SD | 5''SD | 5''SD
CG452,Enlarged Hydrology Plan,Civil,14,Utilities,Furnish & Install 8-Inch Storm Drain Pipe,Storm Sewer Systems,87,RIGHT,"Referenced text (""> 8''SD | > 8''SD | > 8''SD | > 8''SD > | > 8''SD | > 8''SD | > 8''SD | > 8''SD | > 8''SD | > 8''SD | > 8''SD | > 8''SD | > 8''SD | > 8''SD BOX | > 8'"") supports the item; matched terms: drain, pipe, storm.",> 8''SD | > 8''SD | > 8''SD | > 8''SD > | > 8''SD | > 8''SD | > 8''SD | > 8''SD | > 8''SD | > 8''SD | > 8''SD | > 8''SD | > 8''SD | > 8''SD BOX | > 8''SD | > 8''SD | > 8''SD | > 8''SD | > 8''SD | > > 8''SD | > 8''SD | > 8''SD | > 8''SD | > 8''SD | > 8''SD | > 8''SD | > 8''SD | > 8''SD | > 8''SD | > 8''SD | > 8''SD | > 8''SD | > 8''SD | > 8''SD | > 8''SD | > 8''SD | > 8''SD | > 8''SD | > 8''SD | > ,> 8''SD | > 8''SD | > 8''SD | > 8''SD | > 8''SD | > 8''SD | > 8''SD | > 8''SD | > 8''SD | > 8''SD | > 8''SD | > 8''SD | > 8''SD | > 8''SD | > 8''SD | > 8''SD | > 8''SD | > 8''SD | > 8''SD | > 8''SD | > 8''SD | > 8''SD | > 8''SD | > 8''SD | > 8''SD | > 8''SD | > 8''SD | > 8''SD | > 8''SD | > 8''SD | > 8''SD | > 8''SD | > 8''SD | > 8''SD | > 8''SD | > 8''SD | > 8''SD | > 8''SD | > 8''SD | > 8''SD | 
CG452,Enlarged Hydrology Plan,Civil,14,Utilities,Furnish & Install 10-Inch Storm Drain Pipe,Storm Sewer Systems,41,RIGHT,"Referenced text (""> 10''SD | > 10''SD | > 10''SD | > 10''SD | > > > 10''SD | > 10''SD | > > > 10''SD | > 10''SD | > 10''SD | > 10''SD | > 10''SD | > 10''SD | 10''SD | 1"") supports the item; matched terms: drain, pipe, storm.",> 10''SD | > 10''SD | > 10''SD | > 10''SD | > > > 10''SD | > 10''SD | > > > 10''SD | > 10''SD | > 10''SD | > 10''SD | > 10''SD | > 10''SD | 10''SD | 10''SD | 10''SD | 10''SD > | > 10''SD | > 10''SD | 10''SD | 10''SD | FH 10''SD | 10''SD | 10''SD | 10''SD | 10''SD | 10''SD > | > 10''SD | > 10''SD | 10''SD | 10''SD | FH 10''SD | 10''SD | 10''SD | 10''SD | 10''SD > | > 10''SD | > 10''SD | 10''SD | 10,> 10''SD | > 10''SD | > 10''SD | > 10''SD | > 10''SD | > 10''SD | > 10''SD | > 10''SD | > 10''SD | > 10''SD | > 10''SD | > 10''SD | 10''SD | 10''SD | 10''SD | 10''SD | > 10''SD | > 10''SD | 10''SD | 10''SD | 10''SD | 10''SD | 10''SD | 10''SD | 10''SD | 10''SD | > 10''SD | > 10''SD | 10''SD | 10''SD | 10''SD | 10''SD | 10''SD | 10''SD | 10''SD | > 10''SD | > 10''SD | 10''SD | 10''SD | 10''SD | 10''
CG452,Enlarged Hydrology Plan,Civil,14,Utilities,Furnish & Install 12-Inch Storm Drain Pipe,Storm Sewer Systems,52,RIGHT,"Referenced text (""> 12''SD | > 12''SD | > 12''SD | > 12''SD | > 12''SD | > 12''SD | > 12''SD | > 12''SD | > 12''SD | > 12''SD | > 12''SD | > 12''SD | > 12''SD | > 12''S"") supports the item; matched terms: drain, pipe, storm.",> 12''SD | > 12''SD | > 12''SD | > 12''SD | > 12''SD | > 12''SD | > 12''SD | > 12''SD | > 12''SD | > 12''SD | > 12''SD | > 12''SD | > 12''SD | > 12''SD | > 12''SD | > 12''SD | > 12''SD | > 12''SD | > 12''SD | > 12''SD | 12''SD | 12''SD | > 12''SD | > 12''SD | > 12''SD | > 12''SD | > 12''SD | > 12''SD | > 12''SD | 12''SD | 12''SD | 12''SD | > 12''SD | 12''SD | 12''SD | > 12''SD | > 12''SD | 12''SD ,> 12''SD | > 12''SD | > 12''SD | > 12''SD | > 12''SD | > 12''SD | > 12''SD | > 12''SD | > 12''SD | > 12''SD | > 12''SD | > 12''SD | > 12''SD | > 12''SD | > 12''SD | > 12''SD | > 12''SD | > 12''SD | > 12''SD | > 12''SD | 12''SD | 12''SD | 12''SD | > 12''SD | > 12''SD | > 12''SD | > 12''SD | > 12''SD | 12''SD | 12''SD | 12''SD | 12''SD | > 12''SD | 12''SD | 12''SD | > 12''SD | 12''SD | 12''SD | 12''
CG452,Enlarged Hydrology Plan,Civil,14,Utilities,Furnish & Install 15-Inch Storm Drain Pipe,Storm Sewer Systems,25,RIGHT,"Referenced text (""15''SD | 15''SD | 15''SD | 15''SD | 15''SD | 15''SD | 15''SD | 15''SD | 15''SD | 15''SD | 15''SD | > 15''SD | > 15''SD | > 15''SD | 15''SD | 15''SD | "") supports the item; matched terms: drain, pipe, storm.",15''SD | 15''SD | 15''SD | 15''SD | 15''SD | 15''SD | 15''SD | 15''SD | 15''SD | 15''SD | 15''SD | > 15''SD | > 15''SD | > 15''SD | 15''SD | 15''SD | 15''SD | > 15''SD | 15''SD | 15''SD | > 15''SD | 15''SD | 15''SD | > 15''SD | 15''SD,15''SD | 15''SD | 15''SD | 15''SD | 15''SD | 15''SD | 15''SD | 15''SD | 15''SD | 15''SD | 15''SD | > 15''SD | > 15''SD | > 15''SD | 15''SD | 15''SD | 15''SD | > 15''SD | 15''SD | 15''SD | > 15''SD | 15''SD | 15''SD | > 15''SD | 15''SD
CG452,Enlarged Hydrology Plan,Civil,14,Utilities,Furnish & Install 18-Inch Storm Drain Pipe,Storm Sewer Systems,9,RIGHT,"Referenced text (""18''SD | 18''SD / | 18''SD / | 18''SD / | 18''SD / | 18''SD IRR / | 18''SD | 18''SD | 18''SD"") supports the item; matched terms: drain, pipe, storm.",18''SD | 18''SD / | 18''SD / | 18''SD / | 18''SD / | 18''SD IRR / | 18''SD | 18''SD | 18''SD,18''SD | 18''SD | 18''SD | 18''SD | 18''SD | 18''SD | 18''SD | 18''SD | 18''SD
CG452,Enlarged Hydrology Plan,Civil,14,Utilities,Furnish & Install General Storm Drain Pipe and Connections,Storm Sewer Systems,1,RIGHT,"Referenced text (""SD"") supports the item; matched terms: drain, storm.",SD,SD
CG452,Enlarged Hydrology Plan,Civil,14,Utilities,Furnish & Install General Notes and Identification,Others,5,RIGHT,"Referenced text (""NOTES: | HYDROLOGY LEGEND | HIGH WATER LINE | 100-YEAR STORM OVERFLOW PATH - PIPES | 100-YEAR STORM OVERFLOW PATH - OVERLAND"") supports the item; matched terms: note, notes.",NOTES: | HYDROLOGY LEGEND | HIGH WATER LINE | 100-YEAR STORM OVERFLOW PATH - PIPES | 100-YEAR STORM OVERFLOW PATH - OVERLAND,NOTES: | HYDROLOGY LEGEND | HIGH WATER LINE | 100-YEAR STORM OVERFLOW PATH - PIPES | 100-YEAR STORM OVERFLOW PATH - OVERLAND
CG452,Enlarged Hydrology Plan,Civil,14,Utilities,Refer to the Utilities schedules,Schedules,1,RIGHT,"[Manual review] Region overlaps a rasterized (image, no text layer) drainage-calculation exhibit for Wymount Basin 3/4 that is genuinely present on this sheet, confirmed by visual inspection of the rendered page; PyMuPDF cannot OCR it automatically.",,Drainage Calculations For Wymount Basin 4
CG452,Enlarged Hydrology Plan,Civil,14,Fire Suppression,Furnish & Install — Fire Department Connections (FDC),Standpipes,56,RIGHT,"Referenced text (""FDC | FDC | FDC | FDC | FDC | FDC | FDC | FDC | FDC | FDC | FDC | FDC | FDC | FDC | FDC | FDC | FDC | FDC | FDC | FDC | FDC | FDC | FDC | FDC | FDC | "") supports the item; matched terms: fdc.",FDC | FDC | FDC | FDC | FDC | FDC | FDC | FDC | FDC | FDC | FDC | FDC | FDC | FDC | FDC | FDC | FDC | FDC | FDC | FDC | FDC | FDC | FDC | FDC | FDC | FDC | FDC | FDC | FDC | FDC | FDC | FDC | FDC | FDC | FDC | FDC | FDC | FDC | FDC | FDC | FDC | FDC | FDC | FDC | FDC | FDC | FDC | FDC | FDC | FDC | FDC | FDC | FDC | FDC | FDC | FDC,FDC | FDC | FDC | FDC | FDC | FDC | FDC | FDC | FDC | FDC | FDC | FDC | FDC | FDC | FDC | FDC | FDC | FDC | FDC | FDC | FDC | FDC | FDC | FDC | FDC | FDC | FDC | FDC | FDC | FDC | FDC | FDC | FDC | FDC | FDC | FDC | FDC | FDC | FDC | FDC | FDC | FDC | FDC | FDC | FDC | FDC | FDC | FDC | FDC | FDC | FDC | FDC | FDC | FDC | FDC | FDC
CG452,Enlarged Hydrology Plan,Civil,14,Electrical,Furnish & Install Emergency System Components,Electrical Protection & Safety,26,WRONG,"The only referenced text is the repeated symbol ""EM"", which on this project's civil sheets (see CU300/CU320) denotes an Electrical Manhole, not an emergency system component - the same abbreviation appears to have been read the wrong way here.",EM | EM | EM | EM | > EM | EM | EM | EM | EM | EM | EM | EM | EM | EM | EM | EM | EM | > EM | EM | EM | EM | EM | EM | EM | EM | EM,EM | EM | EM | EM | EM | EM | EM | EM | EM | EM | EM | EM | EM | EM | EM | EM | EM | EM | EM | EM | EM | EM | EM | EM | EM | EM
LP101,Planting Plan (wt7),Landscape,15,Site Improvements,Furnish & Install — ADA Compliant Site Features,Others,3,RIGHT,"Referenced text (""ADA | ADA | ADA"") supports the item; matched terms: ada.",ADA | ADA | ADA,ADA | ADA | ADA
LP101,Planting Plan (wt7),Landscape,15,Landscaping,Furnish & Install Shrubs,Trees & Shrubs,928,RIGHT,"Referenced text (""Vn | Ec | Ec | Ec | Ec | Ec | Ec | Ec | Ec | Ec | Ec | Sy | Sy | Sy | Sy | Sy | Sy | Sy | Sy | Sy | Sy | St | St | St | St | St | St | St | St | St | "") supports the item; matched terms: shrub, tree.",Vn | Ec | Ec | Ec | Ec | Ec | Ec | Ec | Ec | Ec | Ec | Sy | Sy | Sy | Sy | Sy | Sy | Sy | Sy | Sy | Sy | St | St | St | St | St | St | St | St | St | St | St | St | St | St | St | Hr | Hr | Hr | Hr | Hr | Hr | Hr | Hr | Hr | Hr | Pd | Pd Pd | Pd Pd | Pd | > Pd | Pd Pd | Pd Pd | Pd Pd | Pd Pd | Pd | Pd | > > > 8''SS > > > 15''SD > 15''SD > > > FO Pd Pd Pd Pd Pd FJ FJ FJ FJ FJ FJ FJ FJ FJ FJ FJ FJ C,Vn | Ec | Ec | Ec | Ec | Ec | Ec | Ec | Ec | Ec | Ec | Sy | Sy | Sy | Sy | Sy | Sy | Sy | Sy | Sy | Sy | St | St | St | St | St | St | St | St | St | St | St | St | St | St | St | Hr | Hr | Hr | Hr | Hr | Hr | Hr | Hr | Hr | Hr | Pd | Pd | Pd | Pd | Pd | Pd | Pd | Pd | Pd | Pd | Pd | F J F J F J F J F J F J F J F J F J F J F J F J F J F J F J F J F J F J F J F J F J | Ck Ck Ck Ck CkCkCkCk CkCkCkCk
LP101,Planting Plan (wt7),Landscape,15,Landscaping,Furnish & Install Ground Cover And Perennials,Ground Cover & Perennials,40,RIGHT,"Referenced text (""G S S S S S S S S S S S S | G S S S S S S S S S S S S S S | 8''SD > > > 8''SD > > > S S S S S S S S S S S S S S S S S S S S S S S S S S S | > > S S S "") supports the item; matched terms: cover, ground, perennial.",G S S S S S S S S S S S S | G S S S S S S S S S S S S S S | 8''SD > > > 8''SD > > > S S S S S S S S S S S S S S S S S S S S S S S S S S S | > > S S S S S S S | G G S S S S S S S S S S S S S | G S S S S S S S S S S S S S S | > G G S S S S S S S S S S S S S S S S | S S S S | G > S S S S S S S S S S S S S S S S | G S S S S | > > P Hp P P P Hp | > > 10''SD > > > 10''SD > S S S S S S S S S S S S S S S ,S S S S S S S S S S S S | S S S S S S S S S S S S S S | S S S S S S S S S S S S S S S S S S S S S S S S S S S | S S S S S S S | S S S S S S S S S S S S S | S S S S S S S S S S S S S S | S S S S S S S S S S S S S S S S | S S S S | S S S S S S S S S S S S S S S S | S S S S | P P P Hp | S S S S S S S S S S S S S S S S S S S S S S S S S S | S S S S S S S S | Ck Ck Ck Ck C Ck Ck Ck Ck Ck C Ck | S S S S
LP101,Planting Plan (wt7),Landscape,15,Landscaping,Provide Coordination And Clarifications For Landscaping Scope,Others,8,RIGHT,"[Manual review] Referenced text is the plant schedule category headers (Deciduous Trees, Evergreen Trees, Shrubs, Perennials, Ground Covers, etc.), genuine landscaping content on this sheet.",DECIDUOUS TREES | EVERGREEN TREES | ORNAMENTAL TREES | STREET TREES | SHRUBS | ORNAMENTAL GRASSES | PERENNIALS | GROUND COVERS,DECIDUOUS TREES | EVERGREEN TREES | ORNAMENTAL TREES | STREET TREES | SHRUBS | ORNAMENTAL GRASSES | PERENNIALS | GROUND COVERS
LP101,Planting Plan (wt7),Landscape,15,Landscaping,Furnish & Install Trees,Trees & Shrubs,15,RIGHT,"Referenced text (""ACER PLATANOIDES 'CRIMSON SENTRY' / CRIMSON SENTRY NORWAY MAPLE | CARPINUS BETULUS 'FRANS FONTAINE' / FRANS FONTAINE HORNBEAM | QUERCUS ROBUR X ALBA '"") supports the item; matched terms: shrub, tree.",ACER PLATANOIDES 'CRIMSON SENTRY' / CRIMSON SENTRY NORWAY MAPLE | CARPINUS BETULUS 'FRANS FONTAINE' / FRANS FONTAINE HORNBEAM | QUERCUS ROBUR X ALBA 'JFS-KW2QX' / SKINNY GENES® OAK | JUNIPERUS SCOPULORUM 'COLOGREEN' / COLOGREEN JUNIPER | PICEA ABIES 'CUPRESSINA' / CUPRESSINA NORWAY SPRUCE | PINUS NIGRA 'ARNOLD SENTINEL' / ARNOLD SENTINEL AUSTRIAN PINE | CERCIS CANADENSIS 'APPALACHIAN RED' / APPALA,ACER PLATANOIDES 'CRIMSON SENTRY' / CRIMSON SENTRY NORWAY MAPLE | CARPINUS BETULUS 'FRANS FONTAINE' / FRANS FONTAINE HORNBEAM | QUERCUS ROBUR X ALBA 'JFS-KW2QX' / SKINNY GENES® OAK | JUNIPERUS SCOPULORUM 'COLOGREEN' / COLOGREEN JUNIPER | PICEA ABIES 'CUPRESSINA' / CUPRESSINA NORWAY SPRUCE | PINUS NIGRA 'ARNOLD SENTINEL' / ARNOLD SENTINEL AUSTRIAN PINE | CERCIS CANADENSIS 'APPALACHIAN RED' / APPALA
LP101,Planting Plan (wt7),Landscape,15,Landscaping,Furnish & Install Landscape Bed Preparation,Topsoil & Soil Prep,1,RIGHT,"Referenced text (""LANDSCAPE BED"") supports the item; matched terms: bed, landscape.",LANDSCAPE BED,LANDSCAPE BED
LP101,Planting Plan (wt7),Landscape,15,Landscaping,Furnish & Install Patch And Repair Of Existing Landscape,Others,1,RIGHT,"Referenced text (""PATCH AND REPAIR EXISTING LANDSCAPE"") supports the item; matched terms: exist, existing, landscape, patch, repair.",PATCH AND REPAIR EXISTING LANDSCAPE,PATCH AND REPAIR EXISTING LANDSCAPE
LP101,Planting Plan (wt7),Landscape,15,Landscaping,Furnish & Install Kentucky Bluegrass,Sodding & Seeding,1,RIGHT,"Referenced text (""POA PRATENSIS / KENTUCKY BLUEGRASS"") supports the item; matched terms: bluegras, bluegrass, kentucky.",POA PRATENSIS / KENTUCKY BLUEGRASS,POA PRATENSIS / KENTUCKY BLUEGRASS
EP501,Panel Schedules,Electrical,16,Electrical,Furnish & Install Panelboards as per Schedules and Diagrams,Main Electrical Distribution (Low Voltage (LV)),27,RIGHT,"Referenced text (""Branch Panel: 1LA1 | Enclosure: Type 1 Mounting: Recessed Wires: 3 Mains Rating: 100 A Supply From: See PSLD Phases: 1 Mains Type: MLO Location: HALL "") supports the item; matched terms: main.",Branch Panel: 1LA1 | Enclosure: Type 1 Mounting: Recessed Wires: 3 Mains Rating: 100 A Supply From: See PSLD Phases: 1 Mains Type: MLO Location: HALL H Volts: 120/208 Single A.I.C. Rating: 10K | Legend: | Branch Panel: 1LA2 | Enclosure: Type 1 Mounting: Recessed Wires: 3 Mains Rating: 100 A Supply From: See PSLD Phases: 1 Mains Type: MLO Location: HALL H Volts: 120/208 Single A.I.C. Rating: 10K | ,Branch Panel: 1LA1 | Location: HALL H Volts: 120/208 Single A.I.C. Rating: 10K Supply From: See PSLD Phases: 1 Mains Type: MLO Mounting: Recessed Mains Rating: 100 A Enclosure: Type 1 Wires: 3 | Legend: | Branch Panel: 1LA2 | Location: HALL H Volts: 120/208 Single A.I.C. Rating: 10K Supply From: See PSLD Phases: 1 Mains Type: MLO Mounting: Recessed Mains Rating: 100 A Enclosure: Type 1 Wires: 3 | 
EP501,Panel Schedules,Electrical,16,Electrical,Furnish & Install Gfci Rated Circuit Breakers,Electrical Protection & Safety,9,RIGHT,"Referenced text (""* PROVIDE GFCI RATED CIRCUIT BREAKER, SIZED AS INDICATED. Notes: | * PROVIDE GFCI RATED CIRCUIT BREAKER, SIZED AS INDICATED. Notes: | *PROVIDE GFCI RA"") supports the item; matched terms: breaker, circuit, gfci, rated.","* PROVIDE GFCI RATED CIRCUIT BREAKER, SIZED AS INDICATED. Notes: | * PROVIDE GFCI RATED CIRCUIT BREAKER, SIZED AS INDICATED. Notes: | *PROVIDE GFCI RATED CIRCUIT BREAKER, SIZED AS INDICATED. Notes: | * PROVIDE GFCI RATED CIRCUIT BREAKER, SIZED AS INDICATED. Notes: | * PROVIDE GFCI RATED CIRCUIT BREAKER, SIZED AS INDICATED. Notes: | * PROVIDE A GFCI RATED CIRCUIT BREAKER, SIZED AS INDICATED. Notes:","Notes: * PROVIDE GFCI RATED CIRCUIT BREAKER, SIZED AS INDICATED. | Notes: * PROVIDE GFCI RATED CIRCUIT BREAKER, SIZED AS INDICATED. | Notes: *PROVIDE GFCI RATED CIRCUIT BREAKER, SIZED AS INDICATED. | Notes: * PROVIDE GFCI RATED CIRCUIT BREAKER, SIZED AS INDICATED. | Notes: * PROVIDE GFCI RATED CIRCUIT BREAKER, SIZED AS INDICATED. | Notes: * PROVIDE A GFCI RATED CIRCUIT BREAKER, SIZED AS INDICATED."
EP501,Panel Schedules,Electrical,16,Electrical,Refer to the Electrical schedules,Schedules,1,RIGHT,[Manual review] Referenced text is drawn from the actual branch panel schedules on this sheet.,"2 3 4 5 6 E D C B A 7/20/2026 1:06:31 PM * PROVIDE GFCI RATED CIRCUIT BREAKER, SIZED AS INDICATED. Notes: HVAC 3840 VA 100.00% 3840 VA Total Est. Demand: 113 A O 4860 VA 75.00% 3645 VA Total Conn.: 136 A L 267 VA 125.00% 333 VA Total Est. Demand: 23550 VA ED 5000 VA 100.00% 5000 VA Total Conn. Load: 28280 VA A 14320 VA 75.00% 10740 VA Load Classification Connected Load Demand Factor Estimated Dema",Branch Panel: 1LA1
